,Migrant remittance inflows (US$ million),1970,1971,1972,1973,1974,1975,1976,1977,1978,1979,1980,1981,1982,1983,1984,1985,1986,1987,1988,1989,1990,1991,1992,1993,1994,1995,1996,1997,1998,1999,2000,2001,2002,2003,2004,2005,2006,2007,2008,2009,2010,2011,2012,2013,2014,2015,2016,2017p
0,Afghanistan,,,,,,,,,,,,,,,,,,,,,,,,,,,,,,,,,,,,,,,105.68603884000001,152.20660764,342.06552589999995,185.34916210000003,251.73672340000002,313.75624810000005,268.0607452,301.173792,430.839232,479.33462762224747
1,Albania,,,,,,,,,,,,,,,,,,,,,,,151.8,332.2,307.4,427.7,551.3,300.4,503.87,407.6,598.0,699.4,733.14,889.0,1162.0,1289.704315926133,1359.4673249,1468.02,1495.0382542,1318.4762792000001,1156.0216821,1125.6645159000002,1027.0550448,1093.9227866800002,1141.68,1046.980032,1051.219968,1070.1419274240002
2,Algeria,211.0,238.0,227.0,225.0,202.0,266.0,255.0,349.0,393.0,417.0,406.0,447.0,507.0,392.0,329.0,313.0,358.0,487.0,379.0,345.0,352.0,1290.0,1390.0,1140.0,1395.0,1120.0,880.0,1060.0,1060.0,790.0,790.0,670.0,1070.0,1750.0,2460.0,2060.0,1610.0,2120.0,2202.0,2059.0,2044.0,1942.0,1942.0,2000.0,2000.0,2000.0,2000.0,2064.5436385902167
3,American Samoa,,,,,,,,,,,,,,,,,,,,,,,,,,,,,,,,,,,,,,,,,,,,,,,,
4,Andorra,,,,,,,,,,,,,,,,,,,,,,,,,,,,,,,,,,,,,,,,,,,,,,,,
5,Angola,,,,,,,,,,,,,,,,,,,,,,,,,,,5.142,,,,,,,,,,,,82.084,11.2043585,29.014037,11.2467511,11.087,11.087,30.97111927,11.114712,11.114712,11.411378261883282
6,Antigua and Barbuda,,,,,,,,,,,,,,,,,11.1851852,11.7444444,12.337037100000002,13.1962963,12.5333333,3.0481481,2.7148147999999996,11.629629600000001,11.948148100000001,3.3333332999999996,12.274074,15.9444444,22.2000001,21.8388888,20.6762962,27.0099993,17.575499899999997,19.70557,20.934959600000003,18.305488888888863,19.325720375,20.783287037,21.828402596,20.65871889,20.197666669,20.292610004,20.85622,21.127350737999997,21.127350737999997,21.127350737999997,21.127350737999997,22.59728956052954
7,Argentina,,,,,,,,,26.0,42.0,56.0,42.0,28.0,28.0,32.0,27.0,32.0,34.0,,,,,15.4,57.7,62.4,63.6,65.0,65.7,68.5,64.3,86.343659,190.1,206.53,273.52,311.69,432.09,541.3,606.43,697.56,620.58934993,644.30074,697.3795751,576.4830516000001,533.7806057,505.3468917,494.433536,541.726864,560.4503525165047
8,Armenia,,,,,,,,,,,,,,,,,,,,,,,,,,65.35,83.86,135.74,92.41,94.65,87.47,94.38816,131.173,167.838,434.74698,915.2311617809429,1169.1730625999999,1644.3750905999998,1904.0671224,1439.8092316999998,1669.3368196,1798.6246921,1914.9839966,2192.193827,2078.6183145,1491.475904,1382.33088,1489.2598049015144
9,Aruba,,,,,,,,,,,,,,,,,,,,,,2.5698324300000004,2.62569835,3.35195527,3.91061451,4.413407800000001,12.122904720000001,2.01117319,3.01675975,6.7486033700000005,7.871508422000001,9.765363129999999,8.910614540000001,10.10055862,13.03910656,0.8198460962732416,1.03616600241,5.1955307264999995,6.7597765359999995,9.05027933,4.972067039,5.307262569500001,4.860335196,6.368715083,7.486033519999999,7.765363125,7.377094876179658,7.556182316394845
10,Australia,180.560002,176.424147,229.233894,280.535371,309.051099,286.591367,304.935539,326.97947,415.195647,495.0,632.0,741.0,771.0,900.0,956.0,1009.0,1052.91618,1399.0,1887.0,2406.0,2368.0,2487.0,1924.0,1102.0,1277.0,1651.0,2157.0,2117.0,1780.0,2028.0,1904.0,1782.0,1769.0,2325.0,2838.0,940.407766641078,1014.841491,1341.851616,1526.025147,1334.648953,1864.472761,2449.287569,2440.634975,2460.025874,2258.340296,2141.153792,2050.854272,1944.209849856
11,Austria,16.576922800000002,24.760213699999998,36.2481935,52.594651,80.947895,87.247398,105.288037,118.794359,154.221342,198.032503,244.96817,224.081214,221.039566,214.53396,197.688682,201.287478,302.825486,400.331322,448.606247,469.35656,634.806654,772.385455,815.0,769.0,845.0,2243.0,2068.0,1799.0,1810.0,1809.0,1809.0,1779.0,1983.0,2498.0,2526.0,2314.592276719761,2516.1862974,2916.1489867,3189.8744091999997,3099.130505,2984.1755365,3248.7352691,3029.2871041999997,3261.615417,3311.8693740999997,2846.099808,2880.629696,2979.0611536414467
12,Azerbaijan,,,,,,,,,,,,,,,,,,,,,,,,,,3.0,,,6.294,54.492,57.132,104.0,181.39,170.847,227.263,623.235,790.214,1267.735,1518.327,1254.645,1410.296,1893.08,1990.18,1733.168,1846.424,1269.964,643.147984,702.0021683920756
13,"Bahamas, The",,,,,,,,,,,,,,,,,,,,,,,,,,,,,,,,,,,,,,,,,,,,,,,,
14,Bahrain,,,,,,,,,,,,,,,,,,,,,,,,,,,,,,,,,,,,,,,,,,,,,,,,
15,Bangladesh,,,,,,,18.761275,78.87504,115.0,171.0,339.0,381.0,527.0,642.0,501.0,503.0,576.0,748.0,764.0,758.0,779.0,769.0,912.0,1010.0,1150.0,1200.0,1350.0,1530.6742218699999,1606.41127748,1810.122888,1969.4222773,2100.414042,2860.399458,3191.693943,3581.611416,4642.385283809969,5427.515429074,6562.316321625,8940.6116062,10520.6530055,10850.21161764,12071.07318448,14119.62703428,13866.95401966,14987.53147865,15295.535632,13559.36427,12854.277327959999
16,Barbados,4.4,4.6078839,5.1007643,6.3800883,8.1335226,9.2130902,9.65,10.0,11.7,14.2,9.1,11.05,9.05,8.45,10.4,8.15,10.8,28.2,31.95,32.0,37.9,45.15,54.5,55.35,57.2,60.9,68.2,77.0,87.4,99.35,115.0,131.0,125.061,130.5,130.508572,94.45542379999999,87.34842295,138.67418404,101.16065081999999,114.47608953999999,81.8687962,147.29326619999998,121.10839572999998,108.31719028999998,108.31719028999998,108.31719028999998,108.31719028999998,109.83568163267991
17,Belarus,,,,,,,,,,,,,,,,,,,,,,,,0.4,0.4,28.5,350.3,294.5,314.9,209.0,139.6,148.9,140.5,222.2,256.0,198.6,268.2,288.3,583.3,503.8,575.3,890.6,1053.1,1213.5,1231.3,927.2,920.4,1215.8483999999999
18,Belgium,,,,,,,,,,,,,,,,,,,,,,,,,,,,,,,,,4673.54272,5986.047929,6866.688081,6887.659698418239,7266.03638964,8993.4497203,10479.6044877,10638.4060054,10350.5008061,11065.6480377,10625.766977399999,11234.1489987,11502.1336121,9789.574264,9867.25428,10150.754050243162
19,Belize,,,,,,,,,,,,,,,17.75,21.05,24.4,19.35,16.95,21.95,18.45,15.6,19.75,16.5,12.968,13.8965,17.25,22.7,23.4,26.2294045,26.424778,30.5436631,28.4302095,33.8469785,34.9645316,44.6933228446019,63.81195079,73.11926319,76.48900331,78.57840159999999,78.13456959,75.32355381999999,75.94564669,74.40171037,80.33441762000001,84.7440775,96.6710055,100.17646868180206
20,Benin,,,,,7.3824908360000006,17.591102,28.039281,39.181099,56.236076,72.921588,77.002245,62.006072,36.949997,43.845419,42.0659567,40.2882089,50.822119,60.225617,71.1167588,91.3364952,101.0494242,117.6481888,136.8362216,108.9361657,89.48195179999999,100.13434389999999,86.2081721,71.237248,90.32602680000001,76.64782619999998,87.0646991,83.602702,76.23084581,55.357850728,63.01335829170001,146.88090845232512,195.499968625,240.47566863999998,207.02526117300002,125.95028947899999,139.4330788,171.96045148,207.77543942,248.72982083000002,304.25396551,214.36342,207.07506371999997,248.90422659143996
21,Bermuda,,,,,,,,,,,,,,,,,,,,,,,,,,,,,,,,,,,,,1182.49,1450.138212,1390.7798670299999,1346.0669525899998,1261.4158003399998,1175.29144089,1190.7755271400001,1224.88639855,1335.68270957,1445.391610375,1430.010224,1487.6933011041663
22,Bhutan,,,,,,,,,,,,,,,,,,,,,,,,,,,,,,,,,,,,,2.2389335729999997,2.933039377,3.548930804,4.866701169,8.273480865,10.460534005000001,18.144730429000003,11.804283706,14.29234289,19.65650825,34.34345675,39.53088521848589
23,Bolivia,,,,,,,1.4,1.8,2.0,1.0,1.4,4.7,2.7,5.0,5.8,6.0,8.0,8.6,4.5,8.5,4.6,3.4,3.8,4.2,4.5,7.4,13.5,84.9,88.4,96.0,126.8,135.1,112.9,158.5,210.25,337.040056699114,602.9740707000001,1055.366582,1134.7184474100002,1057.93,960.21274675,1042.99664656,1110.5321468099999,1201.33947873,1176.9662484300002,1190.958174,1217.183691,1265.9218623548795
24,Bosnia and Herzegovina,,,,,,,,,,,,,,,,,,,,,,,,,,,,,2043.699531,1904.653523,1607.32901,1524.904859,1526.045065,1745.937067,2067.841106,2037.73194823597,2148.940834,2686.4155406,2717.6638743000003,2127.0330599,1822.3048465999998,1958.2301997,1845.7153763,1946.6410817,2107.1397242000003,1801.112,1831.361952,1907.2885803589538
25,Botswana,,,,,,43.136806,61.4100154,68.8869103,57.4770247,58.281732,77.3263859,74.575285,56.4263477,55.8834497,49.985622899999996,31.2735431,37.2509999,54.319960200000004,54.687019,49.3824501,85.5699673,83.50000940000001,93.9932929,74.2857733,69.8788727,59.158648799999995,50.117371299999995,48.157326226,43.40894716,33.82063814,26.245557259999998,25.9193394,27.150942679,38.872653543,91.52148,117.8918620424999,103.74741375,92.20036555000001,46.823207769999996,15.209037631,22.321291552,20.409870832,18.153950902000002,36.004335941,46.12310158,30.0455885,28.856317,31.03246953240196
26,Brazil,,,,,,82.0,81.0,61.0,113.0,73.0,111.0,124.0,57.0,29.0,46.0,40.0,40.0,42.0,32.0,120.0,573.0,1113.0,1792.0,1244.0,2064.0,3314.0,2531.0,1978.0,1642.0,1862.0,1647.0,1776.0,2448.0,2824.0,3577.0,2805.358,3287.162,3305.694,3642.585,2889.1595,3082.8018665,3214.602243,2784.072055,2717.6750687,2647.9085128,2896.909952,2739.786624,2660.3328119039998
27,Brunei Darussalam,,,,,,,,,,,,,,,,,,,,,,,,,,,,,,,,,,,,,,,,,,,,,,,,
28,Bulgaria,,,,,,,,,,,,,,,,,,,,,,,,,,,41.5,50.6,50.675833,42.52802,58.235451,826.0,1177.0,1721.0,1726.0,1612.912427005835,1716.4359806,1693.5531710999999,1918.6503342,1591.7946276999999,1447.72,1482.59,1448.88,1666.96,1684.74,1494.740032,1665.569984,1872.1006620160001
29,Burkina Faso,,,,,35.940308200000004,47.6546206,51.0231214,60.14742253,78.07463975,110.13632839,150.16092422999998,153.04048114399998,110.033474713,113.052484342,90.237781129,126.04674322599999,192.0,173.0,187.0,155.0,140.0,113.0,129.0,117.0,80.346943,,,,,,67.335109,49.9155226,58.7341359,53.74738970000001,44.417329,56.6422833408211,67.93588049499999,84.32464228500001,99.34005787000001,95.987539,120.34477150999999,220.77872700999998,209.99275541999998,308.38184858999995,395.78091003,395.78091003,405.67543278074993,453.9508092816592
30,Burundi,,,,,,,,,,,,,,,,,,,,,,,,,,,,,,,,,,,0.041783995000000004,0.0715621616149133,0.01147097177,0.1899489405,3.645216677,28.23214776,34.498929509999996,45.463176871,46.43364909,48.639473900000006,56.262591431000004,51.034026,51.034026,57.71551083037184
31,Cabo Verde,,,,,,,,24.281503,23.602318,24.005557,40.0648,31.596889,25.852013,20.547993,20.617848,20.757016,27.56007622,36.425994,42.7420129,47.7004541,59.1403848,62.3665308,76.0129913,76.4913627,85.4536428,105.9154667,100.34971309999999,76.4165562,73.7415567,79.1026659,86.90597659999999,80.9471205,85.07968348,108.16825571,113.38886054000001,136.64879496257007,136.6123709851,138.8744660075,155.11148708789997,136.74857257640002,130.9531664997,176.7698116091,177.953318834,175.965459048,196.78792577000002,200.826434,220.7172,228.06944344645794
32,Cambodia,,,,,,,,,,,,,,,,,,,,,,,9.0,9.5,11.3,11.6,11.6,11.7,119.668,106.446,120.527,132.503,139.651,138.2655,177.4,163.7,183.7,185.8,187.918,142.2135,152.5420125,160.44411309999998,172.1060236,175.95,376.75084169999997,400.019008,370.593216,388.74196240030034
33,Cameroon,,,,,,,,,,3.4787245,29.392337,28.704811199999998,19.019723199999998,28.0003965,14.82984537,12.2200147,23.7362401,12.777147699999999,12.321712100000001,32.5696854,22.992323600000002,7.3376437,25.010218899999998,20.3416713,11.401200399999999,11.239141899999998,13.4099646,26.585256100000002,37.512727,26.2212491,30.158308100000003,20.310256400000004,35.3970117,75.51269190000001,103.3893061,76.9885358030393,129.94317302,167.33894962,162.01462377000001,184.37002876,114.85895271000001,219.25498969,210.41976506,244.05916696999998,282.96069764,241.609808,241.609808,249.39383834970465
34,Canada,,,,,,,,,,,,,,,,,,,,,,,,,,,,,,,,,,,,912.162641271908,1085.682503,1177.367901,1299.464292,1195.06828,1199.096963,1226.993701,1254.823843,1336.975325,1308.71835,1323.335296,1343.332992,1406.469642624
35,Cayman Islands,,,,,,,,,,,,,,,,,,,,,,,,,,,,,,,,,,,,,,,,,,,,,,,,
36,Central African Republic,,,,,,,,1.9659745,0.98823048,,0.037864525,0.011040312,0.036517869,0.020993737000000002,,,,,,0.021943003,0.080803692,0.14179022,,0.15891929999999999,,,,,,,,,,,,,,,,,,,,,,,,
37,Chad,,,,,,,,,,,,,,,,0.033388018,1.2301263,1.3542445,0.34581372,0.79308281,,,0.20401085500000002,0.32137014,0.7240572774999999,,,,,,,,,,,,,,,,,,,,,,,
38,Channel Islands,,,,,,,,,,,,,,,,,,,,,,,,,,,,,,,,,,,,,,,,,,,,,,,,
39,Chile,,,,,,,,,,,,,,1.0,1.0,1.0,0.4,0.5,0.1,1.3,0.4,,,,,,,,,,13.3,11.9,12.4,11.8,11.6,13.0,2.5,2.5,2.5,4.4,,,170.2646845,136.5727626,105.805362,104.184872,103.90216,107.4457854039031
40,China,,,,,,,,,,,,,616.0,542.0,403.0,271.0,407.0,166.0,129.0,76.0,124.0,207.0,228.0,108.0,395.0,350.0,1670.0,4586.0,344.0,530.0,758.0,1209.0,2354.0,4620.0,6640.0,23625.899319366334,27565.193759,38395.039993,47742.805394,41600.374919,52459.645879,61576.221918,57986.598422,59491.287194,62332.342308,63937.646592,60999.999488,62850.03104726764
41,Colombia,26.0,22.06556,22.79991,29.80325,36.0792,23.0,51.0,81.7264,75.82,101.0,106.0,160.0,87.0,72.0,78.0,110.0,416.0,625.0,458.0,467.0,495.0,881.0,640.5,468.1,968.850455,814.8676394,752.7362988,773.819091,805.53507,1314.68665,1612.095089,2054.96818,2476.232774,3075.923457,3189.811009,3345.6103214079653,3899.15991444,4460.19447654,4826.85123285,4124.8625541,4030.84632576,4101.31589071,4018.6746682899998,4449.8316809200005,4165.73107309,4679.692776,4902.694056,5535.141589224
42,Comoros,,,,,,,,,,,1.6187221999999999,1.2218049,2.3675952000000002,1.8369675,2.1398184,4.2291848,4.764614099999999,6.8012268,7.3830176,7.887009,9.9352654,10.095549,15.999876,16.029796,15.232992,12.212938,,,,,,,,,,54.0341994808433,63.14134197,73.94764241,100.9169208,100.0049751,87.16699576,108.0322788,110.2097588,115.93783348875999,125.96024233440836,128.79280598194143,130.56020098485624,137.62652942831465
43,"Congo, Dem. Rep.",,,,,,,,,,,,,,,,,,,,,,,,,,,,,,,1.308,4.7101,2.527,5.6,19.9,8.9,12.8,8.8,14.7,19.5,15.7,114.6,12.1994878,33.11131685,22.3783591,4.7173845,4.7173845,5.032445597093864
44,"Congo, Rep.",,,,,,,,,2.4993811,3.0885433,3.17588703,,,,,,0.043314306,0.0099821465,4.4317875,,,,,,,4.23922,7.819335399999999,4.5745077,1.9374465,11.6664122,10.3528731,12.119417899999998,1.1764905,12.388155699999999,14.954054800000002,11.3750945558432,,,,,,,,,,,,
45,Costa Rica,,,,,,,,2.0,2.9,2.7,4.1,2.4,5.6,5.3,6.4,7.2,7.7,7.9,9.1,10.0,12.0,13.4,14.2,16.0,17.1,123.4,131.08,130.26,127.73,126.669,135.591484,198.46946,250.391218,320.908503,319.324,420.34641,513.1562908999999,617.9200875,604.768805,513.0918733,530.688786,520.2196733000001,562.342745,596.3992110600001,593.9253844,551.988512,551.423776,572.8700593768748
46,Cote d'Ivoire,,,,,,12.131794,14.228889,15.874328,22.157634,28.205874,32.184846,30.912873,28.909979,27.029436,24.945265,24.039373,35.806493,42.92323,42.639167,35.422276,44.44203,41.473639,,57.564103,110.0,151.0,147.0,136.0,143.0,138.0,119.0,116.0,120.00430423350001,142.0,159.0089255,163.17383555447796,166.76161658700002,184.69254118400002,198.916275572,315.07817689999996,373.4775657,396.6036598,367.10716460000003,384.6692764,386.6992673,336.246816,341.963011872,385.73427739161593
47,Croatia,,,,,,,,,,,,,,,,,,,,,,,,230.1,375.3,544.7,667.662892,617.788176,625.142839,557.433464,640.873387,747.261089,438.809172,516.946929,665.329118,692.807908925609,1611.3969561,1853.9963672000001,2065.1741957,1890.4652459000001,1900.19291,2091.6593488,2084.7002595,2174.198361,2148.7321473,2103.620416,2189.504896,2269.838332409381
48,Cuba,,,,,,,,,,,,,,,,,,,,,,,,,,,,,,,,,,,,,,,,,,,,,,,,
49,Curacao,,,,,,,,,,,,,,,,,,,,,,,,,,,,,,,,,,,,,,,,,,150.12849164,135.96648046,133.05586592,143.30167598000003,142.3743,148.418996,153.69039234013124
50,Cyprus,,,,,,,31.669029,50.965206,68.538521,76.457806,94.037222,83.050416,79.724704,78.231695,73.591164,71.504097,57.127077,63.81255,71.362928,68.941129,78.588907,65.672111,81.192559,79.412122,81.269263,48.627364,49.323279,47.674892,48.278804,49.728542,64.266411,104.998549,61.628960299999996,84.2798256,245.391644,104.8171813306725,104.49187897,142.19456765,974.9164724,592.9181212999999,861.9092654,740.0925308999999,555.13748039,375.50729104999994,267.34175607,253.88996,321.081516,317.65016645922054
51,Czech Republic,,,,,,,,,,,,,,,,,,,,,,,,138.0,164.0,190.4236167,112.0286268,85.286111,349.7782826,318.5494537,296.7134627,257.25930952,334.8303719,498.70684919999997,814.3292547000001,1459.7510095730959,1687.7649847,1896.6483284,1134.443633,1196.075195,1229.063882,1394.312633,1409.130137,1737.884337,2628.2617384,2674.828096,3126.387968,3464.0378685440005
52,Denmark,,,,,,,,,,,,,,,,,,,,,,,464.0,450.0,439.0,523.0,,852.0,766.0,803.0,667.0,699.0,785.0,941.0,1080.0,866.760781710019,982.4706923,822.8397762999999,1295.450668,1218.903517,1077.537577,1357.024095,1273.574159,1217.069021,1483.0218,1255.13152,1259.63712,1299.9455078400001
53,Djibouti,,,,,,,,,,,,,,,,,,,,,,13.121690800000001,13.121690800000001,19.0354548,13.5493278,11.889422099999999,10.944120300000002,11.47303909,11.940063199999999,11.56306831,12.288925019999999,11.945690429999999,14.95602659,24.667878100000003,24.7410268,25.849505685878377,28.471593118,28.640397027,30.328436144,32.466619022,32.641049730999995,32.359709881,33.265624204,35.645759367,35.51637633599999,63.296196,63.296196,68.56199600895316
54,Dominica,,,,,,,1.3003548999999999,3.2,5.8,8.7,8.6,8.5,7.5,9.4,10.8,11.1,7.70370367,11.77777777,16.11111127,13.370370379999999,13.922222230000001,4.959259299999999,5.17407404,13.737037033,13.285184926000001,13.43333323,13.751851326,13.888889226,14.62222234,15.644444600000002,16.307407350000002,17.1437037,17.40738879,17.816296240000003,23.1501336,21.772344444444446,22.075033332000004,22.482585186999998,22.686333331500002,22.138522221000002,22.889296296,22.870140003300005,23.2488985211,23.5511340781,23.5511340781,23.5511340781,23.5511340781,24.109330192939012
55,Dominican Republic,25.1,14.5,24.0,24.0,26.8,28.0,112.0,124.0,132.0,161.0,183.0,183.0,190.0,195.0,205.0,242.0,225.0,273.0,289.0,301.0,315.0,330.0,347.0,758.5,797.8,839.7,962.7,1143.3,1409.8,1632.0,1840.0,1984.0,2195.0,2325.0,2501.0,2719.2,3053.8,3397.0,3605.5,3414.7,3887.0,4240.7,4262.1,4485.5,4810.4,5196.200064,5509.000064,5696.213581167971
56,Ecuador,,,,,,,3.3,,,,,,,,,,3.0,3.0,2.0,1.0,51.0,56.0,75.0,203.0,276.0,386.0,489.0,648.0,799.0,1085.2,1325.58,1426.05,1436.0,1636.0,1836.0,2460.0,2933.808811429,3341.3378134759996,3088.633129,2742.436211,2599.0270382,2680.596330546,2476.2259618049998,2458.803088921,2472.44938891,2387.555883,2612.048514,2719.1425030739997
57,"Egypt, Arab Rep.",,,,,,,,928.0,1770.0,2210.0,2700.0,2180.0,2440.0,3670.0,3960.0,3210.0,2510.0,3600.0,3770.0,3290.0,4280.0,4050.0,6100.0,5660.0,3670.0,3230.0,3110.0,3700.0,3370.0,3240.0,2850.0,2910.0,2890.0,2960.0,3340.0,5017.3,5329.5,7655.8,8694.0,7149.6,12453.1,14324.3,19236.4,17833.1,19570.4,18325.399552,16590.000128,18199.230140416
58,El Salvador,,,,,,,10.6,54.0,67.84,100.0,49.04,72.48,112.2,115.44,158.92,156.96,157.733963,186.24,210.36,237.68,366.8196642,475.3076923,694.0567127999999,795.4007417,972.0408133999999,1063.1983247,1080.0,1200.0,1341.4848657999999,1383.5,1764.7,1925.5,1958.5,2127.1,2566.5,3028.6,3482.7,3709.05,3754.75,3402.34,3471.836719,3643.9492464299997,3896.1433905599997,3954.92808448,4154.01410533,4288.065206,4593.757162,5066.914149686
59,Equatorial Guinea,,,,,,,,,,,,,,,,,,,,,,,1.3185146,,,0.10017061000000001,0.16420604,,,,,,,,,,,,,,,,,,,,,
60,Eritrea,,,,,,,,,,,,,,,,,,,,,,,,,,,,,2.6916284708000004,3.6340055,3.2847508999999997,,,,,,,,,,,,,,,,,
61,Estonia,,,,,,,,,,,,,,,,,,,,,,,,,2.90501471,1.283825069,1.684442008,1.737374136,2.644206012,2.31463898,4.05263427,11.0206981,19.1489802,51.2072753,166.893258,264.0983270173022,401.87237345000005,410.98838175,362.26300047,339.78359608999995,357.16672597,438.36895676,460.84257190000005,567.6290793,544.498868,446.307776,478.676464,464.794846544
62,Ethiopia,,,,,,,,4.4444444,7.1497585,8.6956522,12.222222,10.483092,10.193237,11.014493,11.497585,14.202899,13.574879,8.550724599999999,11.304348,6.47343,5.2173913,9.7584541,15.01913,18.38,24.62567,27.359669,16.0122107,9.232460329,27.313236,33.729647,53.158882,18.313718,32.986894,46.470192,134.0,173.519405683879,172.153313958,357.838224965,386.69626582845996,261.61244712845996,345.16127112846,513.24866662846,624.37116552846,624.37116552846,1796.377787,1086.986789609375,772.235968,805.6767213886382
63,Faeroe Islands,,,,,,,,,,,,,,,,,,,,,,,,,,,,,48.48,50.04,42.97,39.04,39.75,44.38,49.217895,80.282305108049,89.05561615,109.17796940000001,136.5695801,138.7414374,146.3928243,158.41175,158.41175,158.41175,158.41175,158.41175,158.41175,164.53323601765666
64,Fiji,,,,,,,,,,3.5896191999999996,4.89018675,9.3023083,8.086236,7.98410786,10.6133709,27.65366423,29.747564649999997,27.012723006999998,22.653250439,22.988764460000002,21.94599012,19.179191995,22.688096010000002,26.13870392,29.642278179,32.92249369,33.4212216,35.32651068,25.92086177,24.420892100000003,44.00403364,83.2445058,99.44972004699999,124.22688776,172.8462618,203.6909290141328,204.58997115,183.22768914999997,146.70171279,171.24333751,173.76721887,160.37334651,190.60776380000001,203.57881047,220.91111185,251.320152,80.40104152999895,83.90699018402432
65,Finland,,,,,,18.514945,23.80775,46.70399,65.4784,91.440733,106.0,95.759995,108.0,97.178133,49.415206,50.871545,74.044213,77.741461,105.0,70.851071,62.883601,101.0,103.0,77.051125,66.89375,74.258863,146.0,235.0,375.0,444.0,473.0,491.0,477.0,526.0,666.0,692.623967594301,714.5076808,806.0867837999999,959.168579,865.0539412999999,894.0363171,755.5717041,862.4284094,973.2433722000001,907.0354382,806.33344,804.362688,832.4862712069017
66,France,,,,,,628.0,653.0,1261.0,1578.0,1917.0,1441.0,1279.0,1342.0,1279.0,1262.0,1391.0,2022.0,2469.0,3424.0,3221.0,4034.0,4618.0,5212.0,5032.0,3955.0,4636.0,4540.0,9745.0,10024.0,9306.0,8610.0,9191.0,10368.0,11351.0,12260.0,14212.232287185378,15528.852905,17589.390548,20085.329314,19649.12483,19903.168862,22927.2757641,22674.444517599997,24406.3335126,25351.1571466,23765.700608,24373.082432,24519.320926591998
67,French Polynesia,,,,,,,,,,,,,,,,,,,,,,,,,,,,,,,,,408.205361,508.323615,597.973117,557.2706203485398,621.8617899400001,688.7618774599999,763.0537479699999,727.7572459099999,650.74444062,722.3746283400001,633.48753494,652.07134321,657.695428239,657.695428239,657.695428239,685.48343173891
68,Gabon,,,,,,,,,0.088630537,0.09401958199999999,0.047330656000000006,0.1840052,0.060863114999999995,0.28866388,0.091542258,0.13355207,0.23100963,0.29946439199999997,0.13429659,0.15673573000000002,,,,,,4.47161583,5.7276631,6.145602599999999,5.5631666,4.247204300000001,6.0507634,5.3639747,2.8465331000000003,5.9893291,6.852364399999999,11.028154171889959,,,,,,,,,,,,
69,"Gambia, The",,,,,,,,,0.34520035,0.49247629,,,0.1878131,0.70113613,,,,,,,,,,,,,,,,,,,,54.06983939,60.748748909999996,59.30408754372933,63.7735173459,55.662540373000006,64.811558975,79.80115312400001,115.699060973,107.909707036,140.99105187799998,180.69270714415515,137.771209369,135.96387525,207.36920375,212.37967152234958
70,Georgia,,,,,,,,,,,,,,,,,,,,,,,,,,,,284.0,373.0,360.0,209.5471874,221.57244780000002,230.8153635,235.96190130000002,302.9209618,446.00539863,627.3487795,883.065426,1065.021296,1111.6197131999998,1183.9357497,1547.2744395999998,1770.1151751,1945.2848523,1986.4749234,1458.741312,1520.78528,1641.0549000245717
71,Germany,,210.2290089,246.2700535,313.7011127,357.3786288,420.21203460000004,450.2091277,535.8796503,731.868344,848.8293378,2380.490025,2122.568011,2230.32149,2121.863023,1964.053677,2018.489955,2778.150473,3586.776088,3839.278991,3753.973758,4878.028354,4824.468226,4923.352298,4392.084641,4405.304581,4526.027927,4345.247601,3856.853492,4266.0,4334.0,3639.925884,3931.310668,4686.181059,5779.678729,6580.566499,6867.13263006134,7482.28688,9769.923181,10973.972375,12333.262473,12791.629121,16608.968648,15898.416502,16343.359193891001,17364.690462119997,16132.500916,16683.1835255,16282.787120888
72,Ghana,,,,,,,,,,1.27274,0.9,1.4,1.5,0.5,4.7,4.2,0.6,0.7,6.0,6.0,6.0,6.2,7.3,10.1,15.7,17.2096,27.5,26.0,29.5,30.7,32.3968,45.90912,43.52,65.100096,82.3712,99.184576,105.253248,117.363712,126.104704,114.45568,135.85216,2134.638607,2155.495,1863.99,2007.83148,2100.0,2100.0,2190.2999999999997
73,Greece,,,,,,,805.0,940.0,989.0,1184.0,1123.0,1172.0,1144.0,964.0,945.0,807.0,967.0,1403.0,1742.0,1387.0,1822.0,2178.0,2535.0,2655.0,2890.0,3284.0,3075.0,3066.0,,2287.0,2191.0,2013.0,1658.0,1561.0,1242.0,1220.107040029686,1542.6229962999998,2483.721084,2686.6350428,2020.3239130999998,1499.2031528,1186.1935376,681.2267482000001,804.7520942000001,734.7116147,428.809248,331.496512,345.8790320743957
74,Greenland,,,,,,,,,,,,,,,,,,,,,,,,,,,,,,,,,,,,,,,,,,,,,,,,
75,Grenada,,,,,,,,,,,,,,,,,16.777777710000002,22.333333189999998,23.518519259999998,16.851851950000004,17.974074085,8.277777778,8.596296278,18.359259178,26.159259778,37.755556185,41.2777784074,41.344444444,42.381482148,44.481482037,46.374074815,46.71481462999999,47.562963037,48.567236740999995,72.192592037,26.83611111111113,28.4431888848,28.6249355533,28.850324443699996,27.652595183,28.475102227,28.948812963299996,29.2943529637,29.6458851811,29.6458851811,29.6458851811,29.6458851811,30.32892891826319
76,Guam,,,,,,,,,,,,,,,,,,,,,,,,,,,,,,,,,,,,,,,,,,,,,,,,
77,Guatemala,,,,,,,,14.0,21.6,23.6,26.2,24.5,10.7,3.9,3.4,1.0,0.7,0.1,45.7,85.0,119.1,178.9,230.9,240.5,284.9,358.0,375.0,408.0,457.0,466.0,595.8,633.414702,1600.80018,2150.4552,2631.5,3066.6,3700.1,4236.2,4459.83414532,4019.3565312600003,4231.75098,4523.7585,5030.64950699,5379.0668,5837.974286,6572.785168,7468.599808,8678.512976896
78,Guinea,,,,,,,,,,,,,,,,,0.07,0.07,26.71,,,,,,0.49,0.74,1.072,1.48,4.98,6.015879,1.166455,8.7158703,15.19,111.0,41.64,41.57,29.5,15.07,61.52,52.03,46.26,64.5,66.3,93.01,121.42585322,130.582308,52.17078,55.36367292052749
79,Guinea-Bissau,,,,,,,,,,,,,,,,,,,1.5,1.2,1.0,,,,,,2.0,2.0,,,,10.028122569999999,17.63157561,23.1262775,27.69907394,19.898832076355045,25.51970243,43.030269350000005,49.46055225,48.85041382,45.890277963,52.1101203654,45.635184424900004,63.787684424999995,92.4196765,84.952814,93.278189772,113.70611333206801
80,Guyana,,,,,,,,,,,,,2.3,1.1666667,2.6098951,,,,,,,,1.02,1.21,1.34,1.7,14.6,15.0,14.0,20.5,27.3,22.3,51.0,99.3,153.0,201.289,218.076,278.496,273.8960143,262.0658459,367.8054063,412.2,469.2584055,328.1526585,329.65810489999996,293.505504,293.505504,302.801789466188
81,Haiti,,17.9,22.579917,22.54,21.659982,59.22,74.7,75.02,76.0,84.78,106.0,127.0,97.04,89.88,90.0,95.78,105.0,113.0,124.0,123.0,,,,,,,,,327.0,422.0,578.0,624.0,676.0,811.0,932.0,986.154,1062.869,1222.089,1369.753973,1375.546872,1473.804721,1551.366394,1612.32605,1780.995274,1977.033926,2195.560192,2358.65344,2462.3544116572252
82,Honduras,,,,,0.8,0.75,0.85,1.05,1.25,1.5,1.6,1.75,1.5,1.8,1.95,2.1,2.1,33.7,41.8,48.6,62.9,82.6,112.0,63.8,89.0,124.0,156.9,190.0,225.0,328.3,483.86176,623.02847,817.83103,883.125851,1177.153862,1805.19492010638,2337.19181,2613.644663,2821.344123,2477.339131204,2617.90683899,2810.592536,2920.36978334,3098.239342,3369.514367,3666.201216,3863.740032,4010.0630449082714
83,"Hong Kong SAR, China",,,,,,,,,,,,,,,,,,,,,,,,,,,,,154.0,131.0,136.0,153.0,121.0,120.0,240.0,296.761189341991,294.0336324,316.8666901,355.347245,347.79244689999996,339.5693689,351.6385093,366.8152673,360.2375414,372.4490601,386.75056,399.492896,411.0250109992222
84,Hungary,,,,,,,,,,,,,,,,,,,,,,,,,,151.6325405,168.755784,213.79410878,220.55414290000002,213.4162467,281.1500607,295.7706147,279.4002196,294.9699458,1722.044024,1912.9550336520556,2073.37539659,2308.7865951999997,2522.15176083,1747.4867646,2069.1101658,2785.1226822,3529.8728751999997,4592.3954026,4711.3484591999995,4417.525824,4609.248768,4346.521588224
85,Iceland,,,,,,,1.4,1.7,1.8,1.7,1.5,3.1,1.2,2.3,6.8,5.1,7.6,14.7,22.4,30.2,62.259349,65.318411,63.823406,57.867331,47.5066575,62.606614,73.5541746,69.67253,75.7703022,85.230225,87.594032,74.369699,73.379312,96.35666,112.112754,61.833908566344306,80.261360652,109.9838856,120.04789809,93.982238368,135.45589192199998,150.80721492799998,157.09238488,188.54113559399997,212.714033811,205.951135,245.50384,297.55065408
86,India,,,,,,430.0,642.56301509,934.68578085,1160.6058407799999,1440.62242325,2761.2806846,2301.8901146,2621.9138363,2662.4796223000003,2293.0658374,2472.2854866999996,2243.0138804000003,2663.4697481999997,2316.7241905,2609.857302,2381.874273,3294.230746,2896.0176238000004,3527.473412,5854.940053,6223.99706,8763.0,10334.310409,9476.716424,11122.0,12845.0,14229.0,15707.0,21015.0,18753.0,22125.089480498224,28333.6422797,37216.7552756,49977.2769166,49203.9120087,53479.9600835,62499.075445,68820.517837,69970.360847,70388.642796,68909.691648,62744.364288,65379.627588096
87,Indonesia,,,,,,,,,,,,,,10.0,53.0,61.0,71.0,86.0,99.0,167.0,166.0,130.0,229.0,346.0,449.0,651.0,796.0,725.0,958.0,1110.0,1190.0,1050.0,1260.0,1490.0,1866.0,5419.620728753052,5722.3575167,6174.34,6794.2009332,6792.9072804,6916.0510731,6923.970511,7212.196577600001,7614.4193398,8551.1644685,9659.169024,8976.778128,8662.59089352
88,"Iran, Islamic Rep.",,,,,,,,,,,,,,,,,,,,,,1200.0,1196.0,1500.0,1200.0,1600.0,658.0,400.0,680.0,508.0,536.0,682.0,851.0,1178.0,1032.0,1032.0,1032.0,1115.0,1115.0,1072.0,1181.0,1330.0,1330.0,1330.0,1330.0,1330.0,1330.0,1370.9295665273567
89,Iraq,,,,,,,,,,,,,,,,,,,,,,,,,,,,,,,,,,,,711.1,388.9,3.1,70.9,152.0,176.7,223.0,271.0,271.0,729.4,1004.499968,986.399968,1022.8395570504301
90,Ireland,,,,,,,,,,,,,,,,,,,,,286.0,278.0,322.0,297.0,324.0,347.0,362.0,314.0,274.0,295.0,252.398509,243.712355,316.062409,337.333743,413.851843,512.5706056406543,539.1373828,589.51999211,633.28638716,572.7767369100001,658.1631446700001,755.4937680310001,705.776729531,723.850488931,719.2768794,601.15904,594.067904,577.8215196114911
91,Isle of Man,,,,,,,,,,,,,,,,,,,,,,,,,,,,,,,,,,,,,,,,,,,,,,,,
92,Israel,72.0,140.0,190.0,178.0,130.0,101.0,72.0,106.0,194.0,335.0,421.0,532.0,281.0,243.0,253.0,209.0,448.9,614.0,542.0,784.0,812.0,877.0,1161.0,1264.0,1605.0,701.0,640.0,665.0,446.0,486.0,400.0,499.0,410.0,423.0,715.0,376.9,488.8,579.7,628.4,507.0,571.5,594.6,684.9,764.8,859.0,853.100032,963.4,859.3528
93,Italy,1232.0,1367.0,1552.0,1461.0,1214.0,1602.0,1402.0,2159.0,3000.0,3705.629641,4013.289914,3532.878757,3532.851781,3388.87576,3273.737509,3237.461021,4397.046682,4462.0,4826.0,5076.382833,5067.827377,3696.776168,2968.98603,2668.407422,2418.087323,2360.175691,2585.365529,2280.123398,2121.153884,1997.269595,1935.783418,2270.680825,2261.821908,2144.0,2176.175636,2318.1031450878822,2555.8385538,3062.8750981,7355.322875,7035.548241,7977.0476,8725.598965,9169.473908,9327.57031,10086.692302,9517.018368,9712.828672,9479.720783871999
94,Jamaica,,,,,,,88.5,81.7,69.1,89.9,95.5,107.0,111.1,84.2,73.9,145.5,111.5,120.5,153.9,208.3,228.5,181.7,215.9,239.0,522.2,652.8,714.6,729.5,757.9,790.0,892.2,1058.7,1259.7,1398.8,1627.0,1761.6287670155868,1923.7352737,2122.0910211,2156.5895006,1889.49434846,2026.4458254,2105.60676033,2166.8831173000003,2171.8875415,2268.7850144,2361.233984,2433.42288,2487.8100900410645
95,Japan,,,,,,,,90.0,130.0,160.0,140.0,190.0,210.0,180.0,210.0,,,,,,,508.0,582.0,777.0,874.0,1150.0,1228.0,1346.0,1239.0,1109.0,1374.0,1987.0,1821.0,1079.0,930.0,904.981240667079,1176.9884802000001,1383.9306442,1732.3789221,1594.5321777000001,1684.468955,2131.7292257999998,2539.5776651,2363.8533979,3733.9125417,3325.097824,3818.90888,4853.833186479999
96,Jordan,,,20.719977,44.739207,74.82342,167.0,411.0,470.0,521.0,601.0,794.0,1030.0,1080.0,1110.0,1240.0,1020.0,1180.0,938.0,895.0,627.0,499.0,448.0,844.0,1040.0,1090.0,1437.0,1698.0,1824.0,1621.100141,1753.588152,1845.0,2011.0,2142.0,2200.0,2332.0,2420.874471086042,2793.9351201,3326.3762982,3510.1603015,3465.2112673,3622.9577469,3683.9436625,3848.3098595,5342.8169011,6369.718309899999,5348.310048,4374.647776,4457.766083743999
97,Kazakhstan,,,,,,,,,,,,,,,,,,,,,,,,,,116.0,89.1,59.5,72.3,64.0,121.80244,171.272733,204.560833,147.19779,166.377331,62.02192132837981,83.58986995,142.99141403,125.570547314,198.201187552,225.556234249,179.708290675,178.137977,206.96268940000002,228.53343819999998,194.496976,275.390912,296.99076824169805
98,Kenya,,,,,,5.7195825,7.170904800000001,3.624694,12.6788898,17.658132600000002,12.9376787,7.4053619699999995,7.04978109,5.70934196,5.82771809,6.329069,10.04576576,10.51384672,12.058307939999999,11.2286,7.8551967099999995,3.83890183,83.496723,,71.364121,87.497853,87.542881,507.0,532.0,585.0,,50.914426,57.14348,65.845295,376.0,424.991045929029,570.459274,645.2078713999999,667.317334,631.4608832,685.7572723999999,934.1491571,1211.021406,1304.277242,1440.846022,1561.4298066325466,1739.2285542930208,1810.5369250190345
99,Kiribati,,,,,,,,,,,,,,,,,,,,,,,,,,,,,,,,,,,,,12.093477881999998,12.930468057,13.306453741,13.183382797,14.924960392000001,16.257779433000003,16.905072965,17.202103981,16.777377156,16.095636,17.4751795,18.248900073396477
100,"Korea, Dem. Rep.",,,,,,,,,,,,,,,,,,,,,,,,,,,,,,,,,,,,,,,,,,,,,,,,
101,"Korea, Rep.",,,,,,,47.0,103.0,105.0,101.0,563.0,690.0,784.0,921.0,946.0,1158.0,1738.0,2075.0,2510.0,2187.0,2412.0,2674.0,2932.0,2889.0,3085.0,3494.0,3635.0,4366.0,5596.0,4707.0,4862.0,4836.0,5530.0,6301.1,6573.6,5178.4,4826.0,5129.7,6952.4,5982.3,5835.7,6582.0,6571.0,6455.4,6550.5,6443.999808,6393.399808,5990.615620096
102,Kosovo,,,,,,,,,,,,,,,,,,,,,,,,,,,,,,,,,,,624.200244,701.311147402685,770.7821878999999,918.6773126,1042.3042358,1055.2703142,996.9100063999999,1121.6478845,1059.0292718,1121.7973081,1098.6123774,971.064928,985.598208,879.153601536
103,Kuwait,,,,,,,,,,,,,,,,,,,,,,,,,,,,,,,,,,,,,,,,,4.8081139450000006,5.63545626,2.6138694360000003,4.224467043,3.839517358,34.265896,3.99208375,4.104119993721043
104,Kyrgyz Republic,,,,,,,,,,,,,,,,,,,,,,,,1.785,1.002,1.243,2.44,2.74,24.696,18.4773,8.844515,11.1137288,36.716599,78.157082,188.6151,313.2502583113,473.0719157,704.0046678,1223.272673,981.9640025,1266.195469,1708.694028,2031.374213,2277.998114,2242.827292,1687.702016,1994.608,2541.130592
105,Lao PDR,,,,,,,,,,,,,,,2.8,3.5,3.7,3.5,6.7,8.3,10.9,10.4,10.8,12.1,10.0,22.1,45.4,40.8,50.0,0.6,0.66,0.694575,0.72930375,0.76576894,0.80405738,0.83,4.237233,6.203732835,17.77460343,37.57633507,41.774224630000006,110.29781308999999,58.516879409999994,59.62604031,40.11364251,92.998444,116.384099,122.60971025140705
106,Latvia,,,,,,,,,,,,,,,,,,,,,,,,,,,40.771,45.709,49.4,48.6,72.3,112.4,138.2,173.6,229.7,381.0,1645.6229385,1812.0459967000002,1920.3476822,1585.3262075999999,1257.6555134,1504.7527325,1499.1295076,1604.500701,1560.2448223,1354.255616,1269.26784,1142.341056
107,Lebanon,,,,,,,,,,,,,,,,,,,,,,,,,,,,,,,,,2540.011535,4739.0,5589.0,4924.310615233329,5202.23775,5769.24,7180.59,7558.138454,6914.0550249,6913.4722313,6671.2415736,7566.589340699999,7190.7945849,7480.817088,7615.622016,7867.848119242646
108,Lesotho,,,,,,122.0,138.0,165.0,177.0,213.0,263.0,291.0,348.0,378.0,323.0,224.0,255.0,353.0,372.0,365.0,428.0,437.0,455.0,401.0,320.0,410.78600406,387.58781366000005,378.81728128,295.1425627,275.69313801,477.7335402,401.9760365,389.8568482,556.5137227,627.2099495,599.3576766671026,613.862804449,638.151924284,575.8592322570001,547.92660994,610.1288135420001,649.33495092,554.568272338,462.91882283399997,392.994339059,370.82951725,343.655836,366.777810586259
109,Liberia,,,,,,,,,,,,,,,,,,,,,,,,,,,,,,,,,,,58.4468764,31.85495564809736,78.81494228,61.97717809,58.12223158,25.116904336000005,31.4427773007,359.99384260000005,515.79,383.4125,505.6650907,640.78006,548.7835685569728,574.0753930686958
110,Libya,,,,,,,,,,,,,,,,,,,,,,,,,,,,,,,9.0,10.0,7.0,8.0,10.0,15.0,16.0,,,,,,,,,,,
111,Liechtenstein,,,,,,,,,,,,,,,,,,,,,,,,,,,,,,,,,,,,,,,,,,,,,,,,
112,Lithuania,,,,,,,,,,,,,,,,,,,,,,,,0.034529883000000004,0.7430721,1.095,2.575,2.9275,3.425,2.995,49.9425,79.15,109.248046,114.833999,325.0,745.40499375412,994.037928,1433.3623965,1565.4119114,1239.0616085,1673.4000293,1954.1565331,1507.646705,2060.0152022,2112.6311287,1372.314992,1279.67152,1151.7043680000002
113,Luxembourg,,,,,,,,,,,,,,,,,,,,,,,,,,730.0,711.0,649.0,657.0,652.0,579.0,577.0,810.0426035,1022.35986185,1135.330068,1198.9768145171981,1346.7324978499998,1472.94428983,1630.10056723,1657.32466247,1653.25113945,1772.8381807,1673.18655476,1838.3367825999999,1859.73071779,1635.390464,1619.953536,1667.4317162063307
114,"Macao SAR, China",,,,,,,,,,,,,,,,,,,,,,,,,,,,,,,,,208.620167,160.740741,355.334689,53.1502393434497,55.46511219,54.38582193,51.59891344,48.381809270000005,46.85350875,48.29270878,46.90705918,48.6590782,48.13075147,57.062712,57.062712,58.93612630535215
115,"Macedonia, FYR",,,,,,,,,,,,,,,,,,,,,,,,,,,67.78,77.69,63.237639,76.537013,80.92099,73.439228,105.902711,173.921649,212.952027,226.568479,266.556404,345.010224,406.625951,381.153563,387.931157,434.124447,394.153574,376.0682169,366.518601,306.656776,291.115104,280.343845152
116,Madagascar,,,,,0.41544845,0.46660925,0.71144715,0.32562849,0.39883893699999995,0.04700997,0.37864669,0.22080708,0.11437204,0.11615773,5.6360743,4.5737402000000005,5.8698216,4.6482772,4.02954524,9.741570900000001,7.8707133,13.13093882,15.21486427,13.54385906,12.743958300000001,13.805692709999999,11.32409501,12.18452,11.462127,11.621995,11.270073,10.871296,29.323596,16.2315477,11.5066542,115.1675260013736,174.93106447,301.20654148,374.70836985,337.50060216,547.03482282,398.3710758,396.72088902999997,427.48093532,286.1696052,272.247178,250.46626,258.7944588442295
117,Malawi,,,,,,,,,,,,,,,,,,,,,,,,,0.76690584,0.52343203,0.6473541899999999,0.74494464,0.74688672,0.74688391,0.74688621,0.74688597,0.84369359,13.91215875,18.32101659,22.531928646673578,14.7898644219,21.0135540007,16.6741752851,16.6568740305,21.767544643799997,25.320292517000002,28.30338041,34.13218620399999,38.487247008000004,34.442824625,34.442824625,36.98488811304323
118,Malaysia,,,,,,4.1774875,3.9345681,4.0629211000000005,4.3177116,4.5694615,,,,,,,,48.81653,99.664603,139.0,185.0,130.0,153.0,176.0,119.0,116.0,164.0,194.0,190.0,323.0,342.0,367.0,435.0,571.0,802.0,1116.97256032095,1365.476253,1556.236305,1329.07085,1130.872358,1102.925378,1211.496096,1293.805738,1423.370252,1579.517557,1643.720832,1584.904064,1483.470203904
119,Maldives,,,,,,,,,,,,,,2.5,2.5,,1.0,1.0,1.2,1.4,1.7,1.8,1.6,1.3,2.1735818,2.365779,2.7077561,2.4520765,2.45,2.1968549,2.1968549,1.8231188,2.0121921,2.0121921,2.9000923,2.25725,2.8,7.934160761,6.265651332999999,4.510691347,3.15919848,2.9975389389999996,3.147415886,3.304786681,3.470026015,3.64352725,3.82570375,4.082321650776479
120,Mali,,,,,,23.307043,17.744261,26.497917,44.315268,54.061259,59.399974,47.657347,39.408867,36.476617,32.497502,66.998623,68.436604,88.175628,73.225215,75.954137,107.0,93.014383,117.0,126.0,103.0,112.0,110.4670003,91.724875,84.462836,86.3083888,73.163955,88.16726440000001,138.159443,153.932889,155.386455,177.1860561981845,211.84183435999998,343.92118547,430.99092207,453.74040757,472.74553396,784.1080106000001,827.4643408100001,894.5090610200001,920.26492596,920.26492596,936.82969462728,1058.6175549288264
121,Malta,,18.1770157,17.8207963,19.5229535,18.67793102,21.8304675,32.2249953,36.2293819,26.467154100000002,28.733227199999998,35.0291432,28.1871645,39.3067934,42.779594700000004,36.8736233,34.7433154,45.802400299999995,46.021370700000006,51.6840118,70.0158536,58.211397,42.017989,30.4900866,25.4545426,23.5472445,19.1483453,19.9225661,16.5443812,20.6842668,27.1669002,19.9737995,14.190495910000001,23.35592741,26.808201219999997,31.139625398,33.5226369966194,208.71584396,229.32598885,264.48945066,259.69310647,229.62225514,226.97636407000002,200.17998527,201.37383148,252.71569715,225.565696,218.763036,221.70629088408026
122,Marshall Islands,,,,,,,,,,,,,,,,,,,,,,,,,,,,,,,,,,,,23.74331399008172,25.993301224,25.141959526999997,23.064845277,23.586551157000002,22.214933548,22.145271405000003,23.236798202,24.555434906,26.081549296,26.081549296,26.081549296,27.073949303798692
123,Mauritania,,,,,,0.4407918,0.42201356,0.30710453000000004,0.5632277299999999,2.3533257,5.5756312999999995,3.7063239,2.3179821,1.2223675,0.9560629,0.79133424,1.8554622,6.7002052999999995,9.3009866,4.7801953,13.708147,11.739462,50.134011,2.2681024,4.8958123,5.4481705,4.3651999,2.6933884,2.2071795,,,,,,,,,,,,,,,,,,,
124,Mauritius,,,,,,,,,,,,,,,,,,,,,,,,,118.0,132.0,160.0,168.0,180.0,178.0,177.0,215.0,215.0,215.0,215.0,215.0,215.0,215.0,215.0,211.0,226.0,249.0,249.0,249.0,249.0,249.0,249.0,249.97763606056645
125,Mexico,,,,,,,,,,177.0,1039.0,1220.0,1226.0,1391.0,1564.0,1619.0,1771.0,1987.0,2442.0,2790.0,3096.0,3026.0,3700.0,3977.0,4127.0,4365.0,4945.0,5551.0,6504.0,6649.0,7522.0,10150.0,11030.0,16620.0,19830.0,22741.840918,26542.811528,26879.86316,26041.489182,22075.734995,22080.259157,23588.480056,23365.990957,23432.844108,24802.081325,26233.172352,28670.114304,30533.67173376
126,"Micronesia, Fed. Sts.",,,,,,,,,,,,,,,,,,,,,,,,,,,,,,,,,,,,,,,,17.3496,18.0667,19.428,20.8033,22.0466,23.3387,23.3387,23.3387,24.022178274759618
127,Moldova,,,,,,,,,,,,,,,,,,,,,,,,,,1.02,87.17,114.41,124.31,112.06,178.6,243.32,324.15,486.61,704.87,915.08,1175.82,1491.26,1888.02,1198.63,1351.43,1813.11,1986.44,2191.7,2075.92,1540.12,1464.929984,1560.2928592488906
128,Monaco,,,,,,,,,,,,,,,,,,,,,,,,,,,,,,,,,,,,,,,,,,,,,,,,
129,Mongolia,,,,,,,,,,,,,,,,,,,,,,,,,,,,,5.5,7.2,12.0,25.0,56.31215,129.0,202.1,180.36,181.39,178.0297,224.59524717899998,199.61869430000002,266.24256057,279.42505654,320.35955084999995,255.73228144,255.12182702,260.910764,259.876364,271.57080038
130,Montenegro,,,,,,,,,,,,,,,,,,,,,,,,,,,,,,,,,,,,,,196.46125562999998,298.09131214,302.91556939,301.05216466999997,343.39125787,332.61110133999995,423.399012,431.2700973,381.192072,396.160136,403.29101844800005
131,Morocco,,,,,,533.0,547.0,589.66617136,762.95999904,948.5129343899999,1050.25402336,1010.38667549,849.3320591900001,916.84372482,873.9295081,972.3664627,1401.318038,1591.6747964,1301.2181529000002,1340.11781102,2010.0,1990.11485606,2170.0,1960.10754181,1830.32599075,1970.0,2170.0,1890.52481831,2010.10411877,1940.20398965,2160.056467207,3260.0,2880.0,3610.0,4220.0,4589.226819797321,5451.371055,6730.472441,6894.287729,6269.117561,6422.54153,7256.310892,6507.905288,6881.69996,7735.661293,6903.543808,7087.744,7087.744
132,Mozambique,,,,,,,,,,,53.4,64.5,63.5,75.2,57.0,40.8,50.0,58.0,71.6,71.3,70.4,55.6,58.0,59.6,54.8,59.1,61.0,63.6,46.3,38.0,36.8,41.817002,52.554812,69.478279,57.5185175,58.891885441884696,80.03249215999999,99.38583573999999,115.74397210000001,111.12526322,115.77723450999999,129.66976954999998,174.10742419,152.41099868,155.46496593999998,142.879136,93.372688,93.83955143999998
133,Myanmar,,,,,,,,,,,,,,,,,,5.9086543,6.7716665,9.1856729,5.9106277,1.5368464,0.27696714,28.245712,41.563739,80.575033,123.0,147.0,136.0,135.053918,102.152605,116.158175,105.385646,84.412132,116.573116,129.48892789472842,115.16816405,81.00905789,54.74402017,54.472032219999996,114.8548493,127.07598109999999,274.6160617,1643.8833783,278.96378610000005,386.78352,681.772284,714.0967865659511
134,Namibia,,,,,,,,,,,,,,,,,,,,,13.4502068,13.79777389,15.70819679,14.5360331,14.8980582,15.604817600000002,13.5136733,13.3030621,11.215053100000002,10.22924866,9.450584549999999,8.81553124,7.959585459999999,12.216718140000001,15.236835200000002,17.561579063326768,16.432869467,15.703734160999998,13.550941346,13.223622274,15.120600163999999,15.294143844,13.489397901999999,11.479309333,10.192312727,8.71227325,2.2468476024489603,2.3991664303008715
135,Nepal,,,,,,,,,,,,,,,,,,,,,,,,54.825104,50.118518,56.822667,44.160126,49.458058,67.504903,83.46278,112.0,147.0,678.45664,770.676409,823.018911,1211.8232525063736,1453.23142624,1733.8585177,2727.1404871,2983.3368772,3464.0926823,4216.8940099,4793.440976600001,5588.9034389,5888.6947175,6729.935776,6606.795584,6342.523760640001
136,Netherlands,133.127072,202.90266,262.29102,367.420745,347.992127,334.594415,328.62188,401.019655,446.501801,551.0,604.686163,556.0,656.0,567.0,492.711277,502.0,626.0,754.0,814.0,769.0,710.0,673.0,792.0,902.0,984.0,1359.0,1757.0,1495.0,1464.0,1976.0,1158.0,1358.0,1215.0,2025.0,2163.0,1259.33827613777,1551.9535248,1630.4522067,1649.09669,1711.7711083,1720.4385272,1787.6074288,1640.7229920999998,1618.6666307,1540.6830195,1364.873648,1413.425072,1459.706936680853
137,New Caledonia,,,,,,,,,,,,,,,,,,,,,,,,,,,,,,,,,332.7114091,448.52086560000004,493.095264,512.2328021219353,537.060365559,491.18642401700004,544.2223829200001,509.35001057700003,491.844506758,594.2385098550001,715.008459936,724.2344895189999,728.302621972,728.302621972,728.302621972,748.2657965898517
138,New Zealand,,,107.568,156.077778,162.146464,157.393805,127.377279,144.029144,155.180393,207.03258,256.482122,259.732821,294.305621,301.19962,275.441216,255.97804,304.173717,380.0,492.0,585.0,761.0,651.114668,602.0,833.0,1160.0,1650.0,2042.0,1010.0,259.0,258.0,236.0,841.0,1150.0,1070.0,958.0,352.03593783180304,334.6843355,383.6528922,421.3630245,331.0414145,370.5029453,455.3163556,461.78256419999997,459.23910839999996,462.26979889999996,420.525888,420.13136,439.3144384693397
139,Nicaragua,,,,,,,,3.9,4.1,4.5,,,,,,,,,,,,,10.0,25.0,50.0,75.0,95.0,150.0,200.0,300.0,320.0,336.0,377.0,439.0,519.0,615.7,697.5,739.6,819.9,770.3,824.8,913.6,1016.3,1081.3,1140.2,1197.500064,1268.099968,1410.1271644160001
140,Niger,,,,,4.291566199999999,7.787678699999999,6.290005900000001,6.4474195,8.4863739,8.6498015,11.2836285,9.1818595,7.133157,6.838709699999999,7.4584055,8.9836028,15.965653399999999,16.13114843,15.69927182,13.231630939999999,13.89088939,13.01988673,18.17207807,15.8707415,6.9037600999999995,7.7051229,4.498072649999999,5.3352123,18.7828908,26.628265,14.424638,21.9729248,18.9658877,25.481748,59.712108,66.3698850351597,78.10818994,79.35037724000001,93.72601031,101.71621019,134.29252136000002,165.93478036000002,151.84305504,145.87076863,218.78889256,171.517264,181.636782576,209.427210310128
141,Nigeria,,,,,,,,20.164384,3.1482577999999997,8.2780446,21.9466337,16.1888739,17.8183966,13.804340199999999,11.7412625,10.069659,3.9896884,2.7390184,2.4245274,10.183666,10.00854,65.544714,56.448404,793.0,550.0,804.0,947.0,1920.0,1570.0,1300.0,1390.0,1170.0,1210.0,1060.0,2270.0,14640.08434687684,16932.3634355,18011.2966702,19205.9134528,18368.329379299998,19744.6860933,20616.8919798,20542.959359,20797.1323472,20829.1736237,21059.700592,20112.09781603851,22344.540673618783
142,Northern Mariana Islands,,,,,,,,,,,,,,,,,,,,,,,,,,,,,,,,,,,,,,,,,,,,,,,,
143,Norway,,,,,,8.054653400000001,8.800554199999999,66.1827593,67.9835925,73.0670508,101.64156,125.4891565,106.602182,101.2343238,101.051979,105.437133,110.845806,135.225413,137.8908815,140.718736,157.838426,173.833775,190.0,166.0,170.0,239.0,309.0,289.0,301.0,288.0,270.0,279.0,333.0,392.0,465.0,505.278425015019,528.8330996,616.6765148,684.9709504,631.4712712999999,679.9715402999999,764.9941898999999,766.529947,791.457692,759.9475904,608.942464,593.129472,614.7470427098835
144,Oman,,,,,,,,,28.95194,32.715692,34.742328,40.532716,43.42791,43.42791,43.428224,43.428538,39.268875,39.011704,39.011704,39.011704,39.011704,39.011704,39.011704,39.011704,39.011704,39.011704,39.0,39.0,39.0,39.0,39.0,39.011704,39.011704,39.011704,39.011704,39.0117035110533,39.01170351,39.01170351,39.01170351,39.01170351,39.01170351,39.01170351,39.01170351,39.01170351,39.01170351,39.011704,39.011704,39.59671753211419
145,Pakistan,,,,,,,412.0,872.0,1310.0,1500.0,2050.0,2070.0,2590.0,2940.0,2580.0,2540.0,2450.0,2180.0,1870.0,2020.0,2010.0,1550.0,1570.0,1450.0,1750.0,1710.0,1280.0,1710.0,1170.0,996.0,1080.0,1460.0,3550.0,3961.0,3942.0,4280.0,5121.0,5998.0,7039.0,8717.0,9690.0,12263.0,14007.0,14629.0,17244.0,19305.999552,19761.000064,19800.522064128
146,Palau,,,,,,,,,,,,,,,,,,,,,,,,,,,,,,,,,,,,1.474978693842778,1.5421848,1.52949647,1.6046395260000001,1.5905263410000001,1.68546137,1.967273556,2.360256649,2.3599342489999997,2.218252449,2.27373409375,2.27373409375,2.336431015674328
147,Panama,,,,,,,,104.0,121.0,136.0,65.2,61.7,75.5,78.1,74.0,99.0,100.4,104.4,102.1,102.1,109.7,108.1,102.4,108.7,112.0,112.0,86.2,64.3,58.2,48.3,16.4,73.1,84.6,106.8,108.9,129.6,300.5,355.3,378.0,337.0,410.0,368.2,410.9,451.9,762.7,559.9,505.7,509.2398999999999
148,Papua New Guinea,,,,,,,13.977521,8.7170796,9.1581786,9.1303078,5.4459088,4.7372664,6.0995137999999995,4.3131426,5.3549688,5.6073132,7.007306799999999,13.434067,10.012715,7.2273815,5.4364257,21.015235,20.734443,20.446675,19.904488,15.668253,15.166876,13.949214,9.713940699999998,7.8442464,7.2265074,5.924501,5.6222743,6.931479400000001,9.5266464,6.8666488405812105,4.4164773660000005,7.587647871,7.370129249,4.754743552,3.4935536276,16.955086252,14.253844778000001,13.8560309373,10.441275948,10.4753205,7.142190357458979,7.529033045299207
149,Paraguay,,,,,,5.9,7.3,17.5,37.5,36.4,52.1,63.1,41.4,33.2,24.0,9.6,13.7,22.7,23.9,39.5,33.8,42.4,63.9,94.6,148.0,287.0,297.0,298.0,286.0,268.0,278.0,264.0,201.7,223.0,238.0,161.3,336.0,340.786,362.63,377.3,409.885,540.67,634.1,623.28,506.64,553.640384,656.858368,685.0453726675235
150,Peru,,,,,,,,,,,,,,,,,,,,,87.0,148.0,240.0,289.0,473.0,599.0,597.0,636.0,647.0,670.0,718.0,753.0,705.0,869.0,1130.0,1440.06753607357,1837.494274,2130.814663,2443.644585,2408.698137,2533.910907,2696.961723,2787.954663,2707.24639,2636.539865,2725.062656,2883.886592,2974.0997206402194
151,Philippines,,,,,,,,339.0,446.0,556.0,626.0,800.0,1049.0,1124.0,718.0,806.0,861.0,1020.0,1262.0,1360.0,1462.0,1849.0,2536.0,2591.0,3453.0,5362.0,4879.0,6800.0,5134.0,6714.0,6957.0,8769.0,9740.0,10244.0,11473.0,13732.5577218325,14988.303073,15852.63837,18063.646311,19077.713654,20562.880509,21922.209579,23352.20918,25368.840921,28690.797896,29799.395328,31144.631808,32795.297293824
152,Poland,,,,,,,,,,,,,,,,,,,,,,,,,581.0,724.0,774.0,848.0,1070.0,825.0,1496.0,1563.0,1683.0,2281.0,4724.0,6471.0,8486.0,10468.0,10475.0,8174.0,7659.0,7712.0,6989.0,7400.0,7409.0,6782.999808,6712.0,6838.284658905992
153,Portugal,,,,,,1124.219393,924.087686,1194.114708,1693.566041,2482.199152,2970.794029,2875.473698,2634.099889,2186.900217,2197.960659,2163.220105,2654.397099,3368.0,3527.0,3704.0,4476.0,4720.0,4762.0,4316.0,3807.0,3950.0,3790.021563,3583.386433,3627.92715,3643.575297,3496.069445,3647.399493,2927.464736,3039.80679,3302.861377,3060.519746445385,3485.1762306,4161.5334669,4287.7607995,3788.1736904,3726.1880313,3921.6635727,3991.0842936999998,4455.0138347,4445.8468486,4363.23936,4377.74816,4404.01464896
154,Puerto Rico,,,,,,,,,,,,,,,,,,,,,,,,,,,,,,,,,,,,,,,,,,,,,,,,
155,Qatar,,,,,,,,,,,,,,,,,,,,,,,,,,,,,,,,,,,,,,,,,,573.6263736000001,803.2967033,574.3956044,498.6263736,437.087904,378.571424,392.01736845268846
156,Romania,,,,,,,,,,,,,,,,,,,,,,,,,11.0,9.0,18.0,16.0,49.0,96.0,96.0,116.0,143.0,124.0,132.0,4707.91,1160.464158,1624.282412,1702.335818,682.4634912,641.3866145,694.1163834,733.2186175,3518.8426526,3381.2519552,3085.453952,3484.233152,3587.597551950543
157,Russian Federation,,,,,,,,,,,,,,,,,,,,,,,,,4568.0,2506.0,2772.0,2267.0,1921.0,1290.0,1275.0,1404.0,1359.0,1453.0,2499.0,3436.55268938484,3820.38,4666.33,5736.97,5105.06,5250.02,6103.27,5787.73,6750.81,7776.54,6903.389952,6678.01984,7278.74476599221
158,Rwanda,,,,,,,0.24739119,1.1778796999999999,2.1678907,4.787133647,3.3812093999999995,3.9008583400000005,7.17816718,3.43413975,2.9431456099999997,2.8643483,4.0186815099999995,4.48020502,3.806522,3.95513465,2.6283062200000002,3.54733882,1.8441288,3.9310297,,21.126524,,5.236945,0.0095627613,,6.6262568,7.8500305,7.21,9.615552,9.81,8.86947082610893,28.993507246,121.48962456999999,67.79740341,92.61796667,106.46737918000001,174.25550819999998,182.40527730000002,123.098879287,183.5936359,159.1999615,172.5187695,183.57468979086602
159,Samoa,,,,,,,,5.8518403,12.141249,13.45989,18.742386,18.557469,18.627843,20.333983,20.27057,23.827834,28.62114,36.634882,37.70843,40.873201,42.864224,34.80964475,40.035546049999994,32.27434772,37.4826847,40.523098399999995,44.273900700000006,46.589560299999995,42.0024271,44.67083,,,,,0.89778037,81.602590523331,87.0857342707,96.6496074081,109.00822636219999,119.48934000809999,138.5047718383,159.5836307311,177.69522803200002,164.58341767,140.501951,131.1557635,38.322510694475724,39.75181290537602
160,San Marino,,,,,,,,,,,,,,,,,,,,,,,,,,,,,,,,,,,,,,,,,,,,,,,,
161,Sao Tome and Principe,,,,,,,,,0.29871615030000004,0.5967237274,0.77362433,0.9557425,0.7122194079999999,1.096014716,3.2541743,0.277999554,0.085516571,0.070096197,0.06369918499999999,0.15721221100000002,0.31,,,,,,,0.8,0.5,0.56,0.4638,0.5536703100000001,0.79733056,1.8214601000000001,1.1,1.5,1.6,2.0,3.0,2.0,6.363257454,6.881334487,6.35888979,26.566722929199997,26.827848805,19.9801968125,18.04484025,18.305281974230027
162,Saudi Arabia,,,,,,,,,,,,,,,,,,,,,,,,,,,,,,,,,,,,93.9397309018125,105.740988,123.5422385,216.1866667,214.4,236.48,243.7333333,245.92,268.7733333,273.304,295.4344,307.548544,323.39714086313336
163,Senegal,,,,,8.51666076,26.316660940000002,45.99279078,43.064203340000006,55.6156618,56.270719799999995,77.0543085,68.192327,66.3103632,58.9661581,53.758191100000005,79.418966,108.949918,117.822603,117.54309,112.755687,142.067581,162.2478,176.216324,169.725893,113.831891,146.028709,150.4792,150.465322,147.418829,186.355447,233.26164,305.060389,344.795644,510.702994,632.712396,788.8248904658722,925.24220884,1191.79968381,1476.11041152,1350.39922248,1477.67808361,1613.9111861,1613.9111861,1613.9111861,1929.0555319,1929.0555319,2015.8630308354998,2338.40111576918
164,Serbia,,,,,,,,,,,,,,,,,,,,,,,,,,,,,,,,,,,,,,3764.7314021999996,3544.4917427,4648.1336411,4117.6313003000005,3960.1709436,3548.6367168,4025.182959,3695.9204707,3370.664944,3204.75504,3387.42607728
165,Seychelles,,,,,,,,,,,,,,,,,,,,4.2594526,7.50444096,7.32012489,10.76120785,0.28948959999999996,0.29668553000000003,0.50399257,0.70422771,0.21884704000000002,0.11402092999999999,0.18717537,3.15900927,1.7908536800000001,1.9799150099999998,4.85511143,6.80831014,12.101090909090946,13.2695598837,4.7680234274,3.1618177224000004,16.1234832903,17.37695052,25.2619291446,17.6690700546,12.8743282478,15.070840989499999,18.4242305,22.0870225,23.19218234597102
166,Sierra Leone,,,,,,,,,,,0.09525645299999999,,0.08073302800000001,0.053041108000000003,0.079682862,0.039260624,,0.07637506299999999,0.07996534799999999,0.051828407,0.027072385999999997,0.027764219,0.065673313,0.057801574999999994,0.055902131,23.721430905000002,25.30083398,6.060933328,20.330605,22.476894,7.1349943,6.56766746,21.8154551,25.88925825,24.714834517,2.435105010663288,15.622339178999999,41.973856386,22.578606736,35.896004037,44.218574708000006,58.811610108,64.53406672,69.660689738,62.430111566,48.1636935,48.1636935,48.99522490554708
167,Singapore,,,,,,,,,,,,,,,,,,,,,,,,,,,,,,,,,,,,,,,,,,,,,,,,
168,Sint Maarten (Dutch part),,,,,,,,,,,,,,,,,,,,,,,,,,,,,,,,,,,,,,,,,,54.083798879999996,55.66480447,72.54748604,62.16759776,55.117318,60.899442,62.98313101180191
169,Slovak Republic,,,,,,,,,,,,,,,,,,,,,,,,78.525115,48.492442,25.742912,20.7873543,29.1288951,23.825639489999997,20.11968168,17.87882425,,24.427095820999998,425.50181663999996,529.0,946.454076812581,1342.93528,1661.802195,2050.321508,1670.909895,1591.283863,1752.743846,1927.879306,2071.747804,2394.9623003,2137.5656,2119.404672,2178.257073256143
170,Slovenia,,,,,,,,,,,,,,,,,,,,,,,38.3,52.2,273.1,272.1,279.7,241.8,227.9,225.3,205.2,200.8,216.1,237.9,265.6,261.1,279.273595573,320.26903793500003,380.25834581,329.17988962,347.2990223,489.086201,644.6991673299999,700.48835331,368.77018682000005,422.987132,364.305428,349.368905452
171,Solomon Islands,,,,,,,,,,,,,,,,,,,,,,,,,,,,,,2.3562766,4.3231085,4.5280529000000005,3.7434404199999998,3.8811334,8.69649,7.162382821345771,10.741652565,12.632927015,9.141559768,12.514457306,14.278624925999999,16.928911052,20.723053997,20.640175108999998,16.335086982,18.587891,20.28272,21.43593375650536
172,Somalia,,,,,,,,,,,,,,,,,,,,,,,,,,,,,,,,,,,,,,,,,,,,,,,,
173,South Africa,15.399993899999998,15.3782122,16.8723228,15.87827,26.4081255,35.624969,28.75,28.75,43.7,51.122855,67.096895,86.858126,80.451815,73.583472,64.797191,38.708106,35.513609,45.234823,49.695087,88.546224,135.459341,129.072045,119.277254,101.700244,98.765757,105.32436,101.941696,205.895181,283.385911,327.462404,344.042253,297.778008,288.240234,434.567095,522.719624,613.577432378763,691.930201,792.3511906,783.6935278,862.0516311,1069.571381,1158.421806,1084.534306,970.6553372000001,913.4031037000001,825.253504,755.434048,765.3892636512337
174,South Sudan,,,,,,,,,,,,,,,,,,,,,,,,,,,,,,,,,,,,,,,,,,,,,,,,
175,Spain,,,,,,1403.986281,1379.9021,1462.360011,1734.738341,1898.976301,2190.0,1820.0,1579.0,1349.0,1227.0,1231.979854,1428.783226,1588.157946,1790.237102,1859.956364,2190.339831,2134.0,2633.0,2320.0,2635.0,3242.0,3496.0,3528.0,3930.0,4647.0,4862.0,5099.0,5584.0,6568.0,7540.0,6661.69777645285,7353.205616,8963.642388,9742.840783,8582.625486,8684.602294,9655.943593,9714.709518,10648.330986,10724.226775,10280.940544,10280.787456,10414.634604979168
176,Sri Lanka,,,,,,8.562662,12.95768,18.482927,39.031033,60.065424,152.0,230.0,289.0,295.0,301.0,292.0,326.0,350.0,358.0,358.0,401.0,442.0,548.0,632.0,715.0,809.137573,851.3685074,942.3742409,1021.959917,1069.9907157999999,1163.496406,1189.6,1312.01,1433.84,1585.69,1975.536,2166.77,2507.3,2924.5,3336.7,4123.13,5153.01,5999.552324,6422.1866272,7036.32655031,6999.731312,7257.361392,6669.515119248
177,St. Kitts and Nevis,,,,,,,,,,,0.7925925899999999,1.1111111,1.1,1.1111111,1.3111111000000002,1.062963,10.518518450000002,11.30370375,12.162963320000001,19.20740748,19.285185619999996,1.4888888999999998,1.4740741000000002,15.1222221,17.60370371,20.22963007,21.188888985,22.451851680999997,24.64074095,26.0888884,27.096296759999998,27.80148135,28.593903620000003,29.933348289999998,31.30394066,30.26623333333336,32.8345566637,36.1296485156,40.0992422215,38.8031507456,47.0330622178,44.6748429667,51.04948111189999,51.5701359219,51.5701359219,51.5701359219,51.5701359219,52.87249824000472
178,St. Lucia,,,,,,,,,,,,,,0.68888889,,,17.962963329999997,20.444444459999996,15.8518515,15.370370399999999,16.11111143,17.73703734,2.05925927,15.42962939,21.781481270000004,23.05555514,27.39259276,25.22222246,25.92222216,26.544444600000002,26.440740841,26.867407063,26.778565956,27.371644685,28.65037058,27.06324814814813,27.8367148193,28.6058185222,28.904014813299998,27.9900700004,28.9936544489,29.4444337033,29.789458893,30.1469325926,30.1469325926,30.1469325926,30.1469325926,30.641135253571456
179,St. Martin (French part),,,,,,,,,,,,,,,,,,,,,,,,,,,,,,,,,,,,,,,,,,,,,,,,
180,St. Vincent and the Grenadines,,,,,,,,,,,,,,,,,13.88888923,15.111111100000002,14.9629627,15.37037033,15.62962959,2.44814812,2.04074077,17.39259302,16.977778009999998,17.17037021,18.17407378,19.825925774,20.800000173999997,21.15925882,22.48148153,22.702592600000003,23.14703692,23.52214072,25.517818490000003,22.417496296296314,25.557081477,28.865574075,26.776559255,29.057174449,29.05570074,29.236378514,31.109081116,31.587707403,31.587707403,31.587707403,31.587707403,32.473813199441686
181,Sudan,,,,,,,,40.49291093,68.978427,127.91,262.6,383.671949,133.2210012,275.0,285.0,261.0,113.0,138.0,217.0,417.0,61.9,45.4,124.0,75.2,107.0,346.0,221.32,419.2,687.1,665.0,640.6,739.2,977.5,1225.24,1401.72,703.7883856576125,800.8287620149999,999.710750026,1590.626089103,1394.395643,1455.5373778,824.2209092920001,595.8432437780999,619.5088034153999,506.55682185,151.392014,153.4114615,178.9758113246432
182,Suriname,,,,,,,,3.1,4.7,5.4,6.0,6.1,4.0,6.0,5.9,4.5,1.7,2.1,2.8,2.0,0.5,4.1,4.6,3.5,0.2,,,0.4,,2.3,,0.2,15.1,23.5,9.1,3.9,2.1,2.8,2.2,4.6,4.3,7.493784528,8.05749075,7.716417279,8.833808604,6.7055595,1.493543625,1.544699856184811
183,Swaziland,,,,,3.5321284,7.978280099999999,9.775,12.075,14.26,16.868654,35.311188,39.934128,37.207046,53.047303,52.668057,47.550158,55.010179,78.87886566,94.78912704000001,109.72445049,113.28035109999999,108.32593167,110.38569233,82.73757064,77.06858442000001,82.55196715999999,75.51328964,83.840107419,78.412213867,70.02178763600001,56.885412386,52.876459759999996,44.669320909999996,65.225296,82.79758029999999,95.42186976245134,95.655068593,95.122183163,89.637366056,93.457762619,54.690323849,38.126354807,31.313373862,30.002132219,24.495451614,18.6927855,18.6927855,19.945399379322552
184,Sweden,5.7991073,11.70525,12.598646,16.028393,20.272896,26.190417,41.384175,60.505138,48.687912,46.587487,65.987793,67.646599,0.13629301000000002,24.5355355,22.480363,23.34312,18.435109,98.18337,104.32902,127.266343,152.50468,207.152111,232.240829,231.224665,249.495977,287.338085,301.333641,344.863803,126.0,364.0,438.0,579.0,512.0,620.0,677.0,673.4177178609999,596.7808012,773.9528545999999,824.7687004000001,714.8227491,762.0044712,4175.4780819,4069.9504248000003,4466.068101100001,4558.124525300001,3363.518912,2854.533568,2935.3832550170837
185,Switzerland,,,,,,,,406.0,537.0,592.0,609.0,443.0,526.732499,550.796564,495.37105,498.326143,652.0,779.0,826.0,755.0,924.0,988.0,1044.0,1052.0,1212.0,1478.0,1390.0,1205.0,1225.0,1220.0,1120.0,1305.0,1377.0,1703.0,1894.0,1721.47736519694,1795.179912,1795.61723,2214.728946,2341.619109,2494.622577,2616.7763,2416.668938,2437.906824,2412.900192,2553.299712,2493.570304,2566.8811729838085
186,Syrian Arab Republic,,,,,,,,92.45,636.0,901.0,774.0,436.0,411.0,387.0,321.0,350.0,323.0,334.0,360.0,430.0,385.0,350.0,550.0,352.0,535.0,339.0,313.0,238.0,220.0,198.0,180.0,170.0,135.0,889.0,855.0,823.0,795.0,1030.442463,1325.01392,1349.88,1622.53875,1622.53875,1622.53875,1622.53875,1622.53875,1622.53875,1622.53875,1622.53875
187,Tajikistan,,,,,,,,,,,,,,,,,,,,,,,,,,,,,,,,,78.5628,146.0498,252.0255,466.6523,1018.8432,1690.7607,2544.0176,1748.1523,2305.826625,3059.87167,3625.512075,4218.768565,3384.055195,2258.643264,1867.398592,2030.9124340017704
188,Tanzania,,,,,,,,,0.12966721,,,,,,,,,,,,,,,,,0.8403482099999999,19.318019,1.5862838000000001,11.500423,7.2000089,8.0000148,15.253,12.0,8.9,13.798418400000001,19.3663,15.380675,25.4613844,36.81974778,39.827093510000005,344.2875526,409.56336619999996,390.13888806,381.9307842,389.484432,387.768422,411.226376,432.8562244385241
189,Thailand,,,,,,18.450121472,24.0194868,45.048792520000006,104.49201828,188.46902459999998,382.8486485,477.48010860000005,618.39130237,846.0869560829999,893.0869560829999,877.70375846,795.64714597,841.9855943,927.19770686,943.0787966339999,973.0,1020.0,445.0,1110.0,1280.0,1700.0,1810.0,1660.0,1420.0,1460.0,1700.0,1250.0,1380.0,1610.0,1620.0,1187.09581494597,1333.07368,1635.037143,1897.940174,2776.0983819000003,3580.348295,4554.062825,4713.380624,5689.777048,6524.13,5894.680064,6272.839936,6561.390573056001
190,Timor-Leste,,,,,,,,,,,,,,,,,,,,,,,,,,,,,,,,,,,,,3.64232226,10.44487788,17.655481509999998,113.3478538,137.13594759999998,136.89600185,119.85980778,33.64974671,43.67989514,61.5861,80.1746,86.39466173959535
191,Togo,,,,,4.1170785,4.7687283,7.085149599999999,8.0267116,9.3327955,7.958757599999999,9.9347047,7.8643822000000005,6.1136999,6.0776867999999995,6.6093511,15.405232,21.423256,20.04415,21.239006,22.864609,26.874573,28.971286,16.245309,11.71765,15.306067,15.021584,29.371378,26.259729800000002,18.571009914999998,22.8618153,34.234287,68.50254,103.212651,148.409487,178.703938,192.5004588017369,232.16859093,284.44908963,337.05946525999997,334.50780567000004,336.59748535,244.13408074,344.76032246,397.35904882000006,427.29225478,363.59556,351.23331096,388.46404192176004
192,Tonga,,0.7937699,0.6079097299999999,2.0621663900000002,4.513934869999999,6.6945770300000005,5.3744460499999995,5.54187301,,,,,8.11932029,16.47530957,13.4638391,21.87134413,20.869980759,22.388043739999997,16.61213321,14.86772389,23.958236510000003,18.764525350000003,21.334543670000002,20.963013370000002,,,,,,,,52.532854,66.34505935,60.39431484000001,69.29126722,68.64168176306782,78.75042610199999,100.99604920699998,93.85471133299998,72.126793701,77.23958971500001,78.71880122999998,117.62101836,120.99315092,80.20191451964115,80.20191451964115,80.20191451964115,83.78448466543662
193,Trinidad and Tobago,,,,,,2.6269731000000003,1.6421801,1.4166667,1.4166667,1.4166667,6.0,4.25,4.9166667,4.8333333,3.6666667000000004,3.30612243,0.16666667000000002,2.11111108,1.7170732,3.24705879,3.3882353,5.17647059,6.56470589,19.5473953,26.7851304,31.5074698,28.126253,30.19989,44.567529,54.4,38.100002,40.900002,79.1,86.8,86.9,92.4,91.2,109.4,94.5,109.3,90.9,126.068,126.068,126.068,136.1882102,152.539792,144.417744,148.86156491522948
194,Tunisia,,,,,,,142.0,168.0,221.0,283.0,319.0,361.0,372.0,360.0,317.0,271.0,348.0,459.0,498.0,450.0,551.0,525.0,531.0,446.0,629.0,680.0,736.0,685.0,718.0,761.0,796.0,927.0,1070.0,1253.0,1433.0,1392.672712791922,1510.0392553,1715.7573668,1976.9642285,1964.4887154,2063.294677,2004.4987984000002,2265.7141184,2290.5123645999997,2346.6211139,1971.37584,1971.37584,2029.9264867002282
195,Turkey,,,,,1430.0,1310.0,982.0,982.0,983.0,1690.0,2070.0,2490.0,2140.0,1510.0,1810.0,1710.0,1630.0,2020.0,1780.0,3063.0,3250.0,2820.0,3010.0,2920.0,2630.0,3330.0,3540.0,4200.0,5360.0,4530.0,4560.0,2790.0,1940.0,729.0,804.0,887.0,1833.0,2096.0,2439.0,1834.0,1819.0,1883.0,1881.0,1901.0,1739.0,1395.0,1186.0,1142.118
196,Turkmenistan,,,,,,,,,,,,,,,,,,,,,,,,,,,4.42,,,,,,,,,,14.399999618530273,30.299999237060547,49.79999923706055,33.68000030517578,35.29999923706055,34.79999923706055,37.099998474121094,40.0,30.0,16.0,9.0,9.784474808009174
197,Turks and Caicos Islands,,,,,,,,,,,,,,,,,,,,,,,,,,,,,,,,,,,,,,,,,,,,,,,,
198,Tuvalu,,,,,,,,,,,,,,,,,,,,,,,,,,,,,,,,,,,,4.93202008441054,3.6634701953000004,5.604763152099999,5.9634656779999995,4.8271128588,3.9199006135,4.5827191413,3.8358979587000004,4.0569080449,4.0569080449,4.0569080449,4.0569080449,4.256601539137088
199,Uganda,,,,,,,,,,,,,,,,,,,,,,,,,,,,,,233.0,238.0,349.0,442.0,299.0,311.0,321.80849295616,411.0,451.57187589999995,723.5210027,781.097319339,770.789132022,816.231810795,913.264190752,940.66437928,887.611309426,902.1575420625,1015.7103633125,1181.728591585191
200,Ukraine,,,,,,,,,,,,,,,,,,,,,,,,,,,6.0,12.0,12.0,18.0,33.0,141.0,209.0,330.0,411.0,2408.0,3102.0,5290.0,6782.0,5941.0,6535.0,7822.0,8449.0,9667.0,7354.0,5845.000064,6145.999872,6883.519856640001
201,United Arab Emirates,,,,,,,,,,,,,,,,,,,,,,,,,,,,,,,,,,,,,,,,,,,,,,,,
202,United Kingdom,,,,,,,,,,,,,,,,,,1369.0,1627.0,1685.0,2097.0,2092.0,2032.0,1768.0,1974.0,2470.0,2520.0,2880.0,2990.0,3400.0,3610.0,4820.0,4490.0,5030.0,5920.0,1777.67275808615,6105.706286,6556.335762,5995.100746,5242.981857,4951.404773,5099.003471,4944.716073,4804.502413,4932.330424,5003.393536,4564.740992,4779.341182958623
203,United States,,,,,,,,200.0,220.0,230.0,80.0,80.0,80.0,80.0,80.0,80.0,908.0,994.0,995.0,1020.0,1170.0,1300.0,1800.0,1820.0,1940.0,2180.0,2180.0,2270.0,2440.0,4250.0,4400.0,4510.0,4570.0,4670.0,4730.0,4795.0,5068.0,5219.0,5364.0,5740.0,5930.0,6104.0,6303.0,6613.0,6503.0,6561.999872,6546.999808,6605.9228062719985
204,Uruguay,,,,,,,,,,4.2,,,,,,,,,,,,,,,,,,,,,,0.00603803,36.053,61.753293,69.896167,76.74039,88.933,96.476,107.912,101.073,124.891,128.836,121.7621577,124.4401337,123.77208279999999,115.839928,115.97364,120.27225000978638
205,Uzbekistan,,,,,,,,,,,,,,,,,,,,,,,,,,,,,,,,,,,,,897.6199951171875,1692.9000244140625,3006.780029296875,2070.510009765625,2858.0,4275.7001953125,5693.2998046875,6689.0,5828.0,3062.0,2479.0,2695.0792276727493
206,Vanuatu,,,,,,,,,,,,,9.35478,7.145181699999999,8.4680079,8.7351089,8.0225625,8.4627996,8.00955359,7.319442759999999,8.211443,9.058620900000001,14.0892563,12.043371899999999,18.1190572,13.5075748,35.570316,15.528985,21.6072758,25.9658096,34.664645,52.7029,4.097122935,3.995373347,4.930017219000001,5.097613246008688,4.98972663801,5.543183073,8.90662969892,11.49204372054,11.7686154356,21.7658864872,22.0365375328,23.710130912500002,28.125315437999998,24.0735294375,18.86350616272662,19.205478714601398
207,"Venezuela, RB",,,,,,,,,,,,,,,,1.0,,,,,1.0,2.0,2.0,2.0,2.0,2.0,4.0,17.0,17.0,17.0,17.0,19.0,19.0,208.0,143.0,148.0,165.0,151.0,137.0,132.0,143.0,138.0,118.0,120.0,128.0,161.0,279.0,288.75334193874943
208,Vietnam,,,,,,,,,,,,,,,,,,,,,,,,,,,,,,,1340.0,1100.0,1770.0,2100.0,2310.0,3150.0,3800.0,6180.0,6805.0,6020.0,8260.0,8600.0,10000.0,11000.0,12000.0,13200.000000000002,11880.000000000002,13780.800000000001
209,Virgin Islands (U.S.),,,,,,,,,,,,,,,,,,,,,,,,,,,,,,,,,,,,,,,,,,,,,,,,
210,West Bank and Gaza,,,,,,,,,,,,,,,,,,,,,,,,,,581.9,542.3,623.4,1080.620973,1116.562555,1009.922853,1066.196149,1035.471281,572.426901,637.435694,642.995590932894,464.05631789999995,598.5434232,740.7243655,755.2359079,927.1393867,1141.7130359,1737.0495529000002,1498.8924247,1804.5424442,1825.859248,1957.173888,2055.9952739797754
211,"Yemen, Rep.",,,,,,,,,,,,,,,,,,,,,1500.0,998.0,1020.0,1040.0,1060.0,1080.0,1140.0,1170.0,1200.0,1220.0,1290.0,1300.0,1290.0,1270.0,1280.0,1282.599,1282.6,1321.52,1410.52,1160.0,1526.0,1403.92,3351.0,3342.5,3350.5,3350.500096,3350.500096,3350.500096
212,Zambia,,,,,,,,,,,,,,,,,,,,,,,,,,,,,,,,,,36.3,48.4,52.87,57.68,59.3,68.195,41.264,43.657312,46.276750719999995,72.864,53.98026206,58.30030243,47.04654,38.46444,40.5671783520823
213,Zimbabwe,,,,,,,,17.64527048,12.89225,19.3975835,16.891616799999998,28.29462824,32.89533454,19.55618057,3.80628659,0.61964084,0.7850546299999999,1.14302578,1.3829464500000002,0.71224889,0.8486358600000001,0.34984212299999995,0.58772689,1.12580886,43.685417560000005,,,,,,,,,,,,,,,,,,,,,,,
214,World,1921.9630980000002,2464.4437213,2993.71140413,3215.28398589,4535.880907135999,9529.354753991998,11069.428950019998,16829.639770240003,22356.1972835443,28221.750498146404,35813.937460414,34887.164669875994,36041.330782243014,36578.39132684599,35361.109730092,34555.884064522,40459.240711266015,48817.4808481055,52361.348035882,54748.82438212499,64034.126540803,67753.615228125,75215.32330513601,75210.75538146899,85677.24756670151,97888.72638477897,102763.00836336642,117241.99475030304,114004.71558176812,121671.36592067301,126749.68574068104,140338.80934765303,163489.3600806285,197182.5171035339,226425.9779397377,280146.42917568685,326007.9991054633,393115.12972804403,454272.87111650687,426042.47655944503,462145.86092411046,524414.3558355761,544903.1745082687,574016.1518742818,597688.7812181524,581872.1767621712,573551.2752449227,595694.7269628783
215,,,,,,,,,,,,,,,,,,,,,,,,,,,,,,,,,,,,,,,,,,,,,,,,,
216,"Source: World Bank staff calculation based on data from IMF Balance of Payments Statistics database and data releases from central banks, national statistical agencies, and World Bank country desks. See Migration and Development Brief 28, Appendix A for details. ",,,,,,,,,,,,,,,,,,,,,,,,,,,,,,,,,,,,,,,,,,,,,,,,
217,Note: All numbers are in current (nominal) US $.,,,,,,,,,,,,,,,,,,,,,,,,,,,,,,,,,,,,,,,,,,,,,,,,
218,"For a discussion of the definition of remittances, see Dilip Ratha, 2003, ""Workers' Remittances: An Important and Stable Source of External Development Finance"", Global Development Finance 2003, World Bank. Data since 2005 are based on IMF BOP Statistics that use the definitions of IMF BPM6.",,,,,,,,,,,,,,,,,,,,,,,,,,,,,,,,,,,,,,,,,,,,,,,,
219,GDP data is from WDI,,,,,,,,,,,,,,,,,,,,,,,,,,,,,,,,,,,,,,,,,,,,,,,,
220,"For latest data and analysis on migration and remittances, please visit http://www.worldbank.org/migration",,,,,,,,,,,,,,,,,,,,,,,,,,,,,,,,,,,,,,,,,,,,,,,,
221,Date: October 2017 ,,,,,,,,,,,,,,,,,,,,,,,,,,,,,,,,,,,,,,,,,,,,,,,,
