,Migrant remittance outflows (US$ million),1970,1971,1972,1973,1974,1975,1976,1977,1978,1979,1980,1981,1982,1983,1984,1985,1986,1987,1988,1989,1990,1991,1992,1993,1994,1995,1996,1997,1998,1999,2000,2001,2002,2003,2004,2005,2006,2007,2008,2009,2010,2011,2012,2013,2014,2015,2016
0,Afghanistan,,,,,,,,,,,,,,,,,,,,,,,,,,,,,,,,,,,,,,,189.15830959000002,324.334602,328.3978494,257.60184795,193.47118279000003,281.8661563,243.51601665999996,144.052292,102.474432
1,Albania,,,,,,,,,,,,,,,,,,,,,,,,,,,,,,,,,,4.1357281,4.8637404,6.511798046,26.53213203,9.94,15.893217470000002,10.042592832,24.181689035,21.209311974,43.505848113,190.61226887,178.67772704,153.34,147.13
2,Algeria,,,,,,,,83.920974,113.0,131.0,165.0,150.0,126.0,157.0,141.0,131.0,101.0,82.272423,53.256539,38.377835,31.481969,22.032304,,,,,,,,,,,,,,27.0,35.0,48.863732649999996,26.78254516,45.702405840000004,27.97137575,30.901604940000002,44.242618920000005,38.7158102,52.84956417,74.82592,
3,American Samoa,,,,,,,,,,,,,,,,,,,,,,,,,,,,,,,,,,,,,,,,,,,,,,,
4,Andorra,,,,,,,,,,,,,,,,,,,,,,,,,,,,,,,,,,,,,,,,,,,,,,,
5,Angola,,,,,,,,,,,,,,,,79.0,89.0,77.0,71.0,104.0,150.0,124.5,121.637,132.9,148.9,209.275,174.091,179.96,202.12,263.26,266.43,216.23,223.0,229.92097,297.0,214.9052159,412.666785,602.6714513,669.453676,715.9620157999999,714.458886,564.2615417000001,523.1989547000001,670.2787402,2746.6158731,1252.908992,
6,Antigua and Barbuda,,,,,,,,,,,,,,,,,11.1481481,10.925926,4.3148149,9.474074100000001,6.311111100000001,,,10.981481,8.396296300000001,7.8592593100000006,2.0518519,1.1111111,1.0851852,1.5818519,1.5581481000000001,1.5644444,1.4114815,1.4892926000000002,1.566737,1.670140741,1.8371548149999999,2.13110037,2.3676522220000003,2.122362963,2.06696,2.047116296,2.157660741,2.22244815,,,
7,Argentina,,,,,,,,,16.0,28.0,36.0,27.0,18.0,19.0,22.0,18.0,20.0,21.0,,,,,142.4,163.3,176.5,194.9,207.1,231.9,246.9,250.0,268.2,255.9,119.55,180.04,234.92,314.01,355.57,462.54,630.14,767.0340641,1037.7654457,1137.0545055999999,979.2059223,893.9934866,743.1489351,685.001376,833.445536
8,Armenia,,,,,,,,,,,,,,,,,,,,,,,,,,,17.0,5.34,3.21,12.35,4.7,20.536,24.0538,26.912,137.907,207.36905812,182.05993321,238.83273065,223.59746687999998,180.49451584,227.42987638,300.3941935,314.78869180000004,355.2978613,390.5899787999999,363.78848,358.015504
9,Aruba,,,,,,,,,,,,,,,,,,,,,,20.279329699999998,7.094972,7.0949721,8.1005586,8.547486,7.932960879999999,10.55865921,16.592178529999998,32.4078214,48.776536840000006,49.13407814,51.8379892,60.150837100000004,61.0279332,61.930744935999996,71.864171255,73.072625699,75.642458103,72.960893859,64.916201113,63.910614524,67.82122905,66.59217876999999,70.22346369,74.9720685,
10,Australia,66.080011,83.962072,122.832305,194.380468,213.19839,221.955414,211.998207,209.027446,246.848771,274.383186,304.0,365.0,365.0,381.0,403.0,312.0,292.0,341.0,428.0,555.0,674.0,653.0,565.0,533.0,587.0,701.0,872.0,951.0,966.0,1055.0,1053.0,1059.0,1219.0,1777.0,2253.0,1531.0792162,2051.2272190999997,2980.8708743,3366.4270266999997,3224.4011814,4655.4613961000005,6597.638172,7288.016963,6966.095311,6646.922776,6013.698752,6376.759104
11,Austria,24.6923072,46.5966974,98.605589,182.0855804,271.46229489999996,244.0662988,232.59680469999998,238.989416,187.121684,231.558022,334.355184,285.897341,265.973598,214.842139,195.0964,190.024231,224.234903,229.050319,251.1343,302.037571,319.940137,415.598208,206.0,289.0,292.0,1485.0,1452.0,1303.0,1319.0,1370.0,1298.0,1422.0,1518.0,1874.0,2226.0,2119.578269,2301.2578529,2592.5611581999997,2985.151474,2906.772817,2990.6331364000002,3620.474705,3451.9747909000002,3895.8578363,4410.151058,3885.593728,4128.131712
12,Azerbaijan,,,,,,,,,,,,,,,,,,,,,,,,,,9.31,14.861,19.039,30.272,77.03,100.962,141.882,234.678,169.284,200.746,239.397,274.348,404.535,567.345,638.101,953.589,1279.63,2072.681,1902.602,2031.324,1293.019008,740.236016
13,"Bahamas, The",,,,,,,26.5,29.2,38.9,27.2,41.7,30.5,35.2,26.7,32.4,33.7,32.2,39.5,47.4,39.7,46.4,55.1,38.6,36.7,39.6,44.2,57.6,49.7,51.0,61.6,72.6,74.95,82.19973,100.12,119.25,83.96435,100.29,94.99,65.92482,63.34,88.04,119.727,139.704,138.725,150.81924098,178.800144,193.848524
14,Bahrain,,,,,,263.359039,292.934456,347.0,449.0,322.549169,329.755909,368.0,373.0,345.0,384.0,778.0,716.0,673.0,669.0,694.0,332.0,369.0,336.0,396.0,431.0,500.0,559.0,635.0,725.0,856.0,1010.0,1290.0,872.0,1080.0,1120.0,1223.404255,1530.851064,1482.771277,1774.489021,1390.957447,1641.755319,2050.0,2074.468085,2165.957447,2364.361702,,
15,Bangladesh,,,,,,,0.72044268,0.5172987800000001,0.26649179,0.19512969,0.39200240000000003,0.22306671,0.13317151000000002,0.16251128,0.1964707,0.41530556,,,,,,,,,,,0.79050663,1.71424957,2.5572656,3.7048572,4.3782167,3.6997068,5.734841,7.068562200000001,7.743207699999999,4.9637470619999995,3.3222095089999994,2.8098322423,14.330657115000001,7.791556369,9.418584307,11.612731706,11.741740257,19.553597149999998,32.52136143,32.102747,41.76129325
16,Barbados,0.55,0.35445261,0.41638892,0.8166513000000001,0.43833354999999996,0.39626194,0.1,0.65,0.65,0.75,0.7,0.8,0.55,0.5,0.85,0.75,0.8,4.5,3.65,7.0,6.25,7.7,8.8,9.55,11.25,15.45,20.35,16.25,17.7,18.95,19.15,20.3,20.1345,21.713,18.25,40.794146700000006,35.778093,55.28671296,39.018966670000005,37.17001589,34.807274525,56.726261539999996,36.325463323,46.365999239999994,,,
17,Belarus,,,,,,,,,,,,,,,,,,,,,,,,3.5,17.0,11.9,191.6,140.7,111.1,96.7,58.4,76.7,67.7,65.0,81.6,52.2,70.4,103.2,171.0,133.0,115.7,133.8,141.7,150.8,181.2,162.3,120.0
18,Belgium,,,,,,,,,,,,,,,,,,,,,,,,,,,,,,,,,1843.0,2326.0,2620.0,2427.151797,2563.5968318,3202.1891169,4124.2017844,4479.408130100001,4184.879038,4556.4543475,4238.7612259,4488.2879701,4507.7297275,3791.32448,3857.847936
19,Belize,,,,,,,,,,,,,,,6.8,6.4,4.65,5.35,6.0,6.0,7.15,5.7,6.0,6.0,6.5685,6.8815,8.425,10.015,8.95,7.259381,10.53900691,17.2902951,17.765324,20.65304377,18.787175100000002,19.332237975,20.60862834,21.454975413000003,27.977571042,22.5089222,21.991807705,23.529361438000002,26.326846222000004,31.52321767,33.26979751,41.161362,45.202219
20,Benin,,,,,2.6879412,2.6643286,1.3308196,1.2088912,1.5111507,1.8427838,2.1204134,1.8989337,23.773132699999998,22.295348699999998,28.6939205,11.129339400000001,2.8876204,3.3273822,15.51696383,15.15133,20.687581920000003,20.727603,21.149125,21.458697,23.25178469,26.48450693,33.6153226,17.064455300000002,29.87701856,5.934716900000001,8.8795094,10.258669800000002,6.617041700000001,5.66241954,6.208772130000001,33.528091202,60.79097579799999,107.545529703,74.31355391,69.946969335,63.378672208000005,61.5512306,87.74695181999999,101.03379527,144.17126661,98.177445,
21,Bermuda,,,,,,,,,,,,,,,,,,,,,,,,,,,,,,,,,,,,,171.58,177.94722817000002,190.91510216,212.56400111000002,238.6230658,215.42449381999998,217.14864576999997,218.78417719,224.14708685000002,224.359804,229.855048
22,Bhutan,,,,,,,,,,,,,,,,,,,,,,,,,,,,,,,,,,,,,75.02249103,60.503403680000005,61.00791623999999,47.65021522,70.77976567,92.28327405,73.76518232,57.94982929,52.119521979999995,54.958722,52.52625
23,Bolivia,,,,,,,1.8,2.0,2.2,2.0,2.4,2.2,2.3,2.3,2.2,3.3,5.1,4.2,7.1,7.7,7.7,8.6,8.9,9.5,9.8,9.2,13.0,12.0,15.1,32.1,37.0,36.38,37.88,45.78141,50.586783,66.71982004,73.24033647,78.91228945,105.88344959999999,103.47,101.7840717,117.25856349200001,147.11267231800002,172.15881422,180.13704393,210.175748,229.3823975
24,Bosnia and Herzegovina,,,,,,,,,,,,,,,,,,,,,,,,,,,,,,,2.350912,10.8073412,14.0092757,20.0216138,62.067341,39.99345004,54.51013098999999,65.39781904,55.2927392,55.055851870000005,46.44015907,51.68011414,46.84696126,48.44504904,51.829579239999994,59.953622,61.705107
25,Botswana,,,,,,3.9215278,36.800009,40.619523,34.293015,16.8096785,25.861236899999998,29.041337329999998,25.5423918,22.6086384,24.030068149999998,15.66305203,22.03130629,1.1316658,,36.42886345,118.89495365,118.9677264,139.73385197,132.7239151,145.75481139,200.10645401,98.219219,131.534136,130.110178,135.174431,147.300496,139.316899,143.593046,205.416014,120.422664,107.16685251999999,97.305418067,98.65554103,56.263546870000006,59.503724670000004,85.47379643000001,106.33611746000001,107.49509785,80.82898703999999,88.57478893999999,78.532494,69.991496
26,Brazil,,,,,,108.0,103.0,114.0,147.0,27.0,152.0,154.0,168.0,19.0,5.0,6.0,10.0,10.0,7.0,9.0,12.0,22.0,34.0,203.0,252.0,347.0,409.0,375.0,444.0,330.0,365.663,709.0,360.471,333.214,401.115,373.953,529.306,562.634,813.083,730.8961,1023.6567746400001,1123.81712183,1063.67088676,1150.1890088399998,1538.7758977,1339.086904,1385.076056
27,Brunei Darussalam,,,,,,,,,,,,,,,,,,,,,,,,,,,,,,,,,89.225732,96.975674,354.0,375.5746789,405.4664937,430.2853466,420.360159,444.8174386,,,,,,,
28,Bulgaria,,,,,,,,,,,,,,,,,,,,,,,,,,,33.5,15.5,3.4203386,3.8172298,25.957719,26.957169,14.492716,12.586214,29.436636,35.452285329999995,49.577452769999994,102.60542174,161.81095201,101.24992857,20.33,23.55,27.63,161.95,169.06,150.83,166.7
29,Burkina Faso,,,,,13.680665,31.015398,30.2614987,40.51617,34.3487649,39.394204200000004,51.9311964,45.4198436,35.5105843,39.7831312,35.529839100000004,40.7578667,49.26858,58.355629,56.955184,56.073776,80.855112,70.661155,70.100396,61.805483,50.952379,,,,,,44.5071015,44.0317931,50.0969743,77.183372,79.165631,83.82686347999999,86.0773596,93.19861425999999,99.61249773,99.30826227,111.78794409000001,41.98224753,71.42421516,148.91092712,160.34102436,,
30,Burundi,,,,,,,,,,,,,,,,8.54249392,6.998269400000001,8.7970725,5.940382519999999,5.37605044,5.839231320000001,5.04097287,7.671529280000001,7.191696199999999,4.1240786,5.27711883,4.812604640000001,2.40101603,2.1826140499999998,2.0922258225999997,2.4708836744000005,2.391391606,3.27950867,4.216437900000001,0.9623944099999999,0.19360615820000002,0.206185857,0.22544304910000001,0.2417999633,1.114227941,4.957959182,6.163321192,5.235126899,6.97849912,14.846058030000002,21.031068,
31,Cabo Verde,,,,,,,,,,,,,,,,,1.0805425989,1.43088122,2.2843861000000003,1.79832577,1.83032352,3.04964412,4.71789766,3.6685625099999997,2.7459728400000003,5.16568352,3.4802627000000004,5.23747,0.41255244,0.46919388,0.462972111,0.28270142,1.5225482799999999,7.1965495100000005,11.97097064,5.1686761820000005,5.720330737099999,6.026453148,10.013758383999999,11.832879844,7.964018418999999,8.621391406999999,9.882716116000001,9.8498966,11.38533074,14.20480975,26.89089
32,Cambodia,,,,,,,,,,,,,,,,,,,,,,,14.1,14.9,38.4,52.0,77.2,38.8,136.17704,121.923277,103.8379,110.334548,133.0233,109.48921,129.405966,128.4905,120.2405,118.3965,170.6275,159.28713190000002,170.51296390000002,149.9341522,133.54069086,180.61035669999998,218.88955240999996,251.464152,252.466904
33,Cameroon,,,,,,,,10.908513,20.119132,37.090725,101.76091,101.46046659999999,98.0504779,117.6420667,106.3412924,139.081541,134.87566180000002,137.0855387,160.314488,114.563988,110.884702,95.3539214,135.376374,106.51124859999999,62.229301,22.3380453,37.081634,39.8254573,33.510027,28.118441,29.980072,41.73928084800001,55.576407,56.73826957719999,42.170435,56.17590447,91.6712692,89.56389543,56.348155119999994,129.94659353999998,54.17977987,80.61184913,72.90503752,65.11213173,82.11725750999999,75.577036,
34,Canada,,,,,,,,,,,,,,,,,,,,,,,,,,,,,,,,,,,,3260.706885,3286.652721,4566.586209,4859.367364,4657.241478,5290.184985,5556.135644,5630.387989,5704.383062,5685.066422,4867.037696,4738.534784
35,Cayman Islands,,,,,,,,,,,,,,,,,,,,,,,,,,,,,,,,,,,,,,,,,,,,,,,
36,Central African Republic,,,,,,,,11.33589865,14.82345763,10.511389,19.60909084,15.783965832,17.714209269999998,16.739880388,15.264672,15.051319,24.230023,28.944898,33.013459,31.184141859,35.987026216,35.199422,34.591173,35.9687357,27.37729,,,,,,,,,,,,,,,,,,,,,,
37,Chad,,,,,,,,11.506853,8.322407400000001,8.54638,4.113034,0.59249674,0.66340795,2.9627411,,10.519452,17.663574,25.324706,35.219281,31.199815,38.932688,38.800893533,46.903605873000004,40.948207561,15.421339063,,,,,,,,,,,,,,,,,,,,,,
38,Channel Islands,,,,,,,,,,,,,,,,,,,,,,,,,,,,,,,,,,,,,,,,,,,,,,,
39,Chile,,,,,,,,,,,70.0,93.0,81.0,14.0,14.0,13.0,12.1,14.2,14.1,17.6,7.2,,,,,,14.0,20.5,15.808,14.4,15.6,15.7,15.9,15.3,15.2,16.2,5.7,5.7,5.7,5.6,1.6,0.21,224.7860394,308.02093110000004,280.10382319999997,295.156,296.11136
40,China,,,,,,,,,,,,,3.0,2.0,2.0,3.0,3.0,3.0,4.0,3.0,5.0,18.0,15.0,15.0,19.0,,,219.0,319.0,619.0,789.212,990.0,1222.631418,1597.0,1996.0,1817.41369,2329.992813,2493.058145,2736.390791,2051.656434,1455.455375,1618.147148,1788.058506,1714.202599,4155.302052,20421.778432,20285.995008
41,Colombia,13.0,13.03874,15.19994,14.30556,14.43168,16.9981,19.62684,21.01536,16.0,20.0,39.0459,53.0622,35.32832,48.0,72.0,98.0,31.0,32.0,14.0,17.0,44.0,105.0,79.2,84.9,145.7567976,149.9876505,140.1243145,112.029279,151.220538,247.222925,219.252647,204.367507,157.548259,64.95291,50.532704,56.16140361,65.52690596000001,95.05691252000001,88.29170277,92.23173456,112.35430290000001,117.38528841,127.50856772,147.05865278,204.01705704999998,109.869632,45.526214
42,Comoros,,,,,,,,,,,1.5193268999999998,0.7433873000000001,4.771708599999999,3.9940922000000003,5.1195442,4.9080803,6.7859655,5.9227905,4.2639529000000005,5.231883099999999,4.4332219,6.3664347,11.035569,5.3609233,6.0470872,3.5046751,,,,,,,,,,0.3993920059,0.4079886405,0.45513945549999996,0.6643951653,0.5919137963000001,0.7858445683999999,0.8941590043000001,0.8264464414999999,,,,
43,"Congo, Dem. Rep.",,,,,,,,,,,,,,,,,,,,,,,,,,,,,,,3.1392,5.7285,6.65,5.0,27.9,32.3,31.5,26.4,37.4,30.9,57.2,39.6,55.30622208,135.91243519999998,95.05215125,17.422244,
44,"Congo, Rep.",,,,,,,,,9.4302891,18.362024791,39.142453,22.470715,23.916161,30.498651,34.168148,34.204912,38.97132535,53.07174529,55.249616950000004,40.437819,55.460716,52.462381,53.2695,45.203713,23.234674,27.3886468,38.426168600000004,34.5503826,34.5875734,45.767484,36.5363298,31.5890638,34.8642915,39.229159700000004,49.405168,,,,,,,,,,,,
45,Costa Rica,,,,,,,,,,,,0.5,0.6,0.6,0.7,0.7,0.8,0.8,,,,,,,7.1,35.5,46.02,67.18,92.95,122.453549,142.276147,140.675,147.422332,192.289749,191.626555,209.02905,246.34342940000002,271.4142814,268.618172,238.5982,259.382912,290.5433583,346.03543277,402.60463709000004,419.22282915,407.784064,416.129208
46,Cote d'Ivoire,,,,,,191.932327,294.603464,351.51254489999997,463.7609849,637.403413,786.522678,504.2002599,399.520836,328.92233810000005,298.781092,286.79053760000005,431.62019269999996,513.644052,528.436883,412.792745,471.222422,446.369302,457.0,430.241466,355.4091,457.0,523.683837,495.678411,516.850203,498.509357,390.121157,380.06081,573.908379,627.624906,591.398352,596.97064988,660.4485218899999,698.3480019499999,755.629134,743.40786018,725.58531697,727.61240887,694.48466826,736.0723919400001,,649.507976,
47,Croatia,,,,,,,,,,,,,,,,,,,,,,,,,,,16.4356016,39.5545497,40.5163071,46.6547821,43.9415136,46.4984499,66.7038849,98.483956,99.8666659,137.61327511000002,183.45818712,237.04705525999998,267.22917544,235.20365839000002,235.94508818,248.66458307000002,247.44015642,267.40067258,297.41371266,275.480862,278.36752
48,Cuba,,,,,,,,,,,,,,,,,,,,,,,,,,,,,,,,,,,,,,,,,,,,,,,
49,Curacao,,,,,,,,,,,,,,,,,,,,,,,,,,,,,,,,,,,,,,,,,,132.882681561,135.19553076100001,117.02234635,121.03910615000001,130.2067045,127.391062
50,Cyprus,,,,,,,4.1413346,3.4303504,4.5513862000000005,7.053303,9.063828699999998,7.355894,7.783150600000001,6.6458962999999995,5.608564400000001,6.2035518,6.9478878,7.2750465,10.929458,9.7043231,12.006639,18.302064,23.801654,24.527288,33.726744,47.522196,53.61226,50.593763,52.141109,52.491239,62.65975,100.768947,116.58473740000001,201.952434,255.162484,240.6745365,239.52768918,304.73744601,817.35552777,694.26981811,952.19981781,894.88704938,760.03417209,741.78621988,833.1507040899999,677.449032,730.559956
51,Czech Republic,,,,,,,,,,,,,,,,,,,,,,,,6.2499977,55.021464,100.32676254,302.45750842,341.29181619999997,744.7479393,641.7873779,604.9786657999999,718.0271097000001,898.1770329,1102.5669002,1435.1870316,1162.5255122,1460.3481677,2075.2085522,2586.100789,2044.602212,1496.982253,1522.13785,1334.625944,1079.19862,1523.3334185,1376.39232,1658.604736
52,Denmark,,,,,,,,,,,,,,,,,,,,,,,161.0,160.0,200.0,209.0,,370.0,346.0,694.0,662.0,745.0,860.0,1030.0,1230.0,1487.555951,1766.145536,3019.568954,3976.524431,3425.209651,2825.629395,3133.676451,2949.388021,3059.890597,3171.052342,2774.151424,2900.013312
53,Djibouti,,,,,,,,,,,,,,,,,,,,,,,,,,,,0.36574181,1.3560581,1.496728,1.7611875,1.7780679,1.6880391000000001,4.8390455,4.6702416,4.670241558,4.726509529,4.698375544,5.120385323,5.789974173,11.61933593,12.857231279999999,12.40708751,12.68842737,13.7293977,12.097682,
54,Dominica,,,,,,,,,,,,,,,,,4.37037033,1.9629629300000002,1.81481483,2.0999999500000004,1.6148148599999999,1.7592593,1.60370372,1.500000019,2.296296344,0.262962962,0.1814814827,0.244444442,0.1333333374,0.1333333374,0.1370370411,0.13592592669999998,0.1303074033,0.13407407629999998,0.14088147960000003,0.007144444444,0.00742962963,0.007896296296000001,0.008055555556,0.008085185185,0.008016296296,0.008038888889,1.6165522220000001,1.7015888899999998,,,
55,Dominican Republic,,,,,,,,,,,,,,,,,,,,,,,,10.2,7.4,7.0,8.9,7.6,18.5,17.8,19.3,21.7,22.5,22.9,23.9,24.7,26.6,28.2,34.5,26.9,519.3,565.5,565.2,559.0,574.8,585.0,644.0
56,Ecuador,,,,,,,23.6,24.8,11.5,43.4,66.9,66.2,125.0,86.0,122.0,114.0,167.0,147.0,188.0,175.0,2.0,3.0,3.0,3.01,5.0,4.0,9.0,4.4,5.01,5.0,6.0,6.9326731,7.2812531,6.5046942,6.5,54.020037,62.455627095,83.15561815200002,65.597443574,95.347865848,135.97115248999998,148.37507354800002,154.012039747,167.26821108,195.91506372999999,291.533653,302.374313
57,"Egypt, Arab Rep.",,,,,,,,,,,,,,,,,,,,33.181818,26.5,33.0,233.0,140.0,255.0,223.0,142.0,344.0,108.0,38.8,32.0,34.7,14.4,79.1,12.8,57.2,135.0,179.6,241.3,254.8,304.8,292.9,292.7,354.9,351.4,622.700032,352.2
58,El Salvador,,,,,,,6.4,14.76,20.88,24.12,9.12,2.08,6.8,6.8,7.28,3.44,0.55645436,0.52,3.7,4.04,2.8036019,2.3825363999999998,0.35881590999999996,0.2298188,0.11456394,,1.4848658000000001,,0.34266134000000004,7.2,19.6,26.1,22.1,24.8,32.8,24.0,27.98,27.53,18.5,20.033,22.092947,27.192390030000002,26.89727814,27.67816554,51.0517282,74.340146,147.466076
59,Equatorial Guinea,,,,,,,,,,,,,,,,,,,,,,,,,0.33140929999999996,,,,,,,,,,,,,,,,,,,,,,
60,Eritrea,,,,,,,,,,,,,,,,,,,,,,,,,,,,,4.1987748,1.2656912,1.3095576,,,,,,,,,,,,,,,,
61,Estonia,,,,,,,,,,,,,,,,,,,,,,,0.32020441600000005,0.18091553200000002,0.75994536,3.48954861,2.1928805299999996,4.57659423,3.1522812,3.3589214000000003,3.0382264,2.23740498,4.758523,18.5391541,26.462866,50.404943810999995,75.42194821700001,92.62725009100001,97.911992544,92.35336673,123.30189299,113.46587338,113.20658222,100.29607163999998,113.85379558000001,90.268534,122.676356
62,Ethiopia,,,,,,,,2.41545898,0.9178744,0.6763285,0.57971015,0.6763285,0.28985507,0.48309178999999997,0.33816425,0.8212560400000001,0.53140097,0.86956521,0.43478260700000004,0.869565217,,0.38647343,0.7363285,0.42,0.3491586,0.24360357000000002,1.0845850899999998,5.2375725,4.25955484,3.4490043999999997,12.556901,14.023478,16.578458,17.26699986,9.2237448,16.39950105,14.13104159,14.56767284,21.3039897462,26.549565236314,66.311639005,20.981633315,21.779519205,,,14.437634,29.86954
63,Faeroe Islands,,,,,,,,,,,,,,,,,,,,,,,,,,,,,6.92,6.15,5.74,13.41,9.64,5.11,5.334267400000001,18.33538656,23.41769647,33.37120565,41.01765055,31.36311766,31.02907716,34.40421483,,,,,
64,Fiji,,,,,,,,,,9.8834182,10.34274501,12.321171,8.150582700000001,8.672393,8.2209749,11.009453,14.123473,13.667151,12.165634,21.101124,21.540834,25.278581,22.08929,23.28485,28.412875,29.509362,40.048457,36.365525,37.597832,40.413784,25.57082966,23.6604282,19.7686064,26.2569391,41.982226,7.870730217,9.760247868999999,9.143560268000002,12.872973502999999,7.166443221000001,9.632095817000002,10.521426438999999,8.225960659,8.4694411,10.66046084,9.09367325,
65,Finland,,,,,,6.7929732000000005,8.2807235,11.6407833,13.1516286,13.136022800000001,14.749096199999999,12.016345,12.2888732,12.3843946,11.145952300000001,12.376421800000001,6.3168622,7.2879223,9.5743968,5.593505599999999,15.7209,58.52876,34.072172,35.023239,41.520259,54.089789,54.874347,88.702318,104.0,111.0,99.717315,96.682238,113.0,149.0,225.0,266.35934661,436.66869010000005,553.417171,684.9775489,686.1453072999999,721.0107184,444.9187235,774.7294461,835.0737302,761.7885962,635.96256,634.408256
66,France,,,,,,2503.0,2530.0,2770.0,3670.0,4380.0,5070.0,4670.0,4340.0,4110.0,3840.0,4170.0,5150.0,5760.0,6393.0,5571.0,6956.0,7020.0,8154.0,7429.0,4282.0,4941.0,4464.0,4000.0,4230.0,4080.0,3770.0,3950.0,3810.0,4390.0,4260.0,9474.864508,10281.273909,11947.226372,13269.071547,11757.10561,12029.05395,12849.119422,12565.631506,13425.170365,13716.675172,12441.098112,12527.647616
67,French Polynesia,,,,,,,,,,,,,,,,,,,,,,,,,,,,,,,,,61.350469,51.394109,46.147167,46.97095005,50.93430535,55.73052878,69.47201725,64.30203718,70.54781923,55.748462950000004,58.21454952,63.37549059999999,30.266853240000003,,
68,Gabon,,,,,,,,,69.973809,141.0,143.52063722,83.5751618,78.817733672,92.1362617,88.95619,103.89034715000001,165.15504819999998,146.6636911,153.6115591,128.2601033,147.3056056,117.8358044,145.4001809,196.8846941,156.161365,99.226998,113.292395,104.15657,89.190341,84.706958,77.579832,95.900828,96.449265,115.67102240000001,110.298458,185.59414694,,,,,,,,,,,
69,"Gambia, The",,,,,,,,,2.5362636600000004,2.63183567,,,1.7208921499999998,1.29236445,,,,,,,,,,,,,,,,,,,,0.52610349,0.52214307,0.7429458638,0.9467063473,14.640731871,3.1853235460000002,8.412067919,58.119088199,36.56288209,47.589899509999995,,,20.2885735,18.757991
70,Georgia,,,,,,,,,,,,,,,,,,,,,,,,,,,,12.3,10.6,46.5,25.0889668,24.2286785,26.1403508,29.3179429,25.8960135,27.10735243,26.74126759,31.699143189999997,50.97989957,33.60906911,55.132165640000004,76.80046359,86.73244305,87.71448775,86.13111008,95.862424,100.4924035
71,Germany,,2237.0,2726.0,3687.0,4020.0,4094.0,4171.0,4260.0,5190.0,5720.0,5826.0,4794.0,4481.0,4291.0,4042.0,3601.0,4632.0,5534.0,5872.0,5485.0,6854.0,6895.0,8586.0,8513.0,9279.0,11356.0,11029.0,9885.0,9503.0,10520.0,9039.0,9445.0,10403.0,11886.0,13003.0,12707.9028,12697.369924,14084.230454,15231.564514,15322.978953,14682.909208,16116.359753,15587.632315,19948.853233,21280.305306,19170.05696,20680.751616
72,Ghana,,,,,,,,,,15.68196,9.4,9.9,6.2,12.5,13.9,10.9,3.6,3.2,3.3,3.5,3.9,4.6,4.0,4.0,4.7,4.7994,5.0,5.4,5.6,5.9,6.089512900000001,6.3992,,,,,,,,,,,7.99,4.84,8.94203167,2607.106304,
73,Greece,,,,,,,45.0,55.0,55.0,59.0,59.0,65.0,64.0,77.0,58.0,45.0,60.0,77.0,95.0,118.0,122.0,118.0,173.0,250.0,222.0,300.0,319.0,342.0,,631.0,546.0,536.0,412.0,380.0,497.0,902.4384327,981.9394861,1459.7586675999999,1911.7192477,1842.9562586,1932.2723236,1940.5117708,1437.9012549000001,1291.1254356,1424.0027817999999,974.84224,718.23928
74,Greenland,,,,,,,,,,,,,,,,,,,,,,,,,,,,,,,,,,,,,,,,,,,,,,,
75,Grenada,,,,,,,,,,,2.6,5.2,5.1,4.3,,,6.8888889,7.2962963,7.518518510000001,0.11111111,1.285185226,1.029629622,1.3962963190000002,1.3962963190000002,1.3962963190000002,1.4703703259999998,,2.459259222,2.674074092,2.85925924,3.2962963,3.2518518,3.2518518,3.2518518,3.2518518,1.422548148,1.476888889,1.59504,1.7958562960000002,1.496148148,1.511708148,1.5544096299999999,1.6001092590000001,1.6651463,,,
76,Guam,,,,,,,,,,,,,,,,,,,,,,,,,,,,,,,,,,,,,,,,,,,,,,,
77,Guatemala,,,,,,,,8.0,7.2,8.1,11.4,7.1,3.2,3.2,7.2,6.0,6.0,7.5,5.5,9.3,13.5,19.2,19.7,8.6,10.6,7.8,12.7,20.5,33.3,26.9,55.6,32.488094,81.9229575,86.086,33.7,42.1,45.5,16.9,26.058251358999996,21.9767,20.762364,26.7892,27.9052,27.63729,26.71746,24.8793,26.3
78,Guinea,,,,,,,,,,,,,,,,,11.75,11.72,19.73,18.33,20.4,20.94,21.57,19.92,22.24,10.43,11.261,14.4,22.93,17.92762,26.910849300000002,36.8330456,17.81,46.376410899999996,47.95,59.86,51.6,38.96,55.51,44.87,40.98,38.81,50.72,80.56,,25.6995,33.870676
79,Guinea-Bissau,,,,,,,,,,,,,18.6,12.6,5.5,4.0,11.5,11.6,9.9,15.75,11.62,20.01,14.96,14.82,13.24,3.41,,,,,,,5.41616048,6.48829652,5.373995165,5.3519819881999995,4.3221318558,4.3300271035,16.750187023,20.1901710365,19.6501190237,29.957650226,24.964980512,34.54517591,,38.406676,
80,Guyana,,,,,,,,,,,,0.42666666999999997,,,,,,,,,,,4.53,11.24,11.2,12.01,23.3,17.9,21.6,27.2,27.4,24.1,53.1,50.4,80.627,54.806,48.429,61.144,72.15444274,85.62487503,128.1198786,138.27,183.68802119999998,122.8373553,122.22953028,118.724056,
81,Haiti,,5.4,3.2799879000000005,7.94,10.3999914,39.38,44.84,44.1,47.28,50.68,54.34,61.84,47.34,43.48,45.0,47.24,53.4,56.92,60.68,63.46,,,,,,,,,,,11.0,19.34,22.0,31.35,38.52,59.686,75.515,96.408,117.0802117,134.8240038,166.9785617,240.2373935,231.9240772,247.6943207,248.5970744,247.297664,266.344544
82,Honduras,,,,,,,,,,,,,,,,,,,,,,,,,,,8.1,9.5,0.5,0.6,9.4,11.5,10.9,12.004819,16.634547,0.4835457722,2.121696767,2.48722,36.95,27.18794039,27.28533755,32.97528377,36.431743420000004,40.93814739,42.1,41.1,41.1
83,"Hong Kong SAR, China",,,,,,,,,,,,,,,,,,,,,,,,,,,,,175.0,167.0,225.0,309.0,299.0,317.0,321.0,348.08666439999996,376.5509184,387.62500889999995,393.1066553,413.3262438,482.9367862,554.3449737000001,607.1185052000001,656.3980552,711.4986991000001,758.670592,816.784256
84,Hungary,,,,,,,,,,,,,,,,,,,,,,,,,,146.14430223,94.15404095000001,86.10081753,75.27183459999999,98.3416003,86.23254,100.78419659999999,106.7482991,114.07545490000001,814.1151712999999,911.63312177,981.2360756,1367.3815133,1526.310796,1192.1715135,1133.3164042,1194.8444077000001,1088.6273752,837.1355427999999,844.9325392999999,675.24584,702.776016
85,Iceland,,,,,,,0.3,2.0,3.9,5.1,5.5,4.6,5.3,3.8,5.6,4.8,6.7,17.3,16.5,16.8,24.645081,25.886523,25.37891,20.569294,17.509087899999997,19.922156100000002,14.8650008,16.6585043,17.6503301,22.8981328,30.943159,16.9387528,22.7768516,26.2519342,46.617572,54.414569349999994,81.57354819,114.81314908000002,100.74000997,68.0698524,67.2009517,72.74619532999999,67.93283921000001,72.59575459999999,94.21555089,84.084354,149.131876
86,India,,,,,,,9.1388535,11.64125,57.404832,10.211729,29.241802,15.402513,13.516845,39.727379,27.499766,30.896383,42.055765,65.468296,93.125844,98.65008,106.0,51.58417,67.776932,259.0,351.0,419.0,538.0,162.0,44.157098,36.167394,486.0,751.0,1187.0,1265.0,1653.0,1348.2828577999999,1561.8653623,2059.330846,3812.363581,2889.988304,3828.678498,4077.745355,4963.082154,6431.771262,6221.785952,4882.83264,5622.66112
87,Indonesia,,,,,,,,,,,,,,,,,,,,,,,,,,,,,,,,,,,913.0,1178.9157449000002,1359.0661963,1654.25,1971.4675298,2701.5921365,2839.9377994,3163.740019,3633.613325,3951.108964,4119.081644,4605.139584,5150.59392
88,"Iran, Islamic Rep.",,,,,,,,,,,,,,,,,,,,,,,,,,,,,,,,,,,,,,,,,,,,,,,
89,Iraq,,,,,,,,,,,,,,,,,,,,,,,,,,,,,,,,,,,,82.5,781.3,17.3,31.4,26.7,48.4,78.0,548.0,484.0,599.3,539.3,349.6
90,Ireland,,,,,,,,,,,,,,,87.452074,61.831905,92.841345,195.0,152.0,127.0,165.348124,167.839154,176.977404,159.769451,161.72266,173.176373,179.248424,169.957222,166.0,121.0,180.8646779,273.6164726,587.990059,787.888543,997.437002,1440.6470931,1852.563234,2520.3698681,2672.496663,2548.698513,2266.5701065999997,2193.5358134000003,1996.1282018,1957.7198002999999,1959.5085914000001,1562.919936,1541.417472
91,Isle of Man,,,,,,,,,,,,,,,,,,,,,,,,,,,,,,,,,,,,,,,,,,,,,,,
92,Israel,11.0,11.0,6.0,6.0,9.0,20.0,14.0,8.0,18.0,15.0,31.0,38.1,453.0,512.0,499.0,410.0,553.0,751.0,749.0,731.0,850.0,795.0,1120.0,908.0,919.0,1410.0,2030.0,2400.0,2870.0,3080.0,3260.0,3040.0,2780.0,2500.0,2220.0,2205.6,2335.3,2797.9,3635.9,3420.9,3726.8,4344.3,4326.0,4993.2,5010.1,4927.699968,5206.30016
93,Italy,106.0,108.0,127.0,175.0,198.0,247.0,208.0,243.0,304.0,350.023286,428.036303,445.6458202,517.1821725,502.2112684,499.843065,606.2758151,795.433662,1286.0,1926.0,2700.367941,3764.413514,2781.017867,2686.0,2533.0,2234.0,1823.0,2083.0,2168.0,2375.0,2552.772711,2582.005298,2716.0,3582.237425,4366.619546,5513.184385,7545.815811,8351.772204,11182.034627,14445.316276,14390.123216,12885.667788,14500.933995,11825.663076,11629.332093,11132.583951,9442.566912,9376.753152
94,Jamaica,,,,,,,40.9,34.9,34.6,37.8,35.2,35.0,32.2,36.5,38.9,57.8,41.5,40.2,23.2,24.1,26.7,26.9,29.1,26.6,54.9,74.1,96.0,116.9,134.1,149.5,179.2,216.6,277.7,341.6,424.559865,368.74151437,357.92685012,396.18257762999997,364.61702869,268.99771136000004,279.30992694,305.48514038,333.54051319,297.42570758,275.08179832,287.14024,298.112476
95,Japan,,,,,,,,130.0,160.0,200.0,220.0,240.0,330.0,320.0,290.0,,,,,,,1300.0,1370.0,1580.0,1580.0,1820.0,3556.0,3624.0,3399.0,3539.0,3169.0,2944.0,3345.0,1773.0,1411.0,1149.5373167,3332.1645882,3639.371943,4548.0883475,3932.0463671999996,4365.7147324,4536.1703925,4042.5710706,2872.3305594000003,4214.7617586,4000.341456,5064.714688
96,Jordan,,,,,,,20.482956,45.614698,65.464446,79.917822,154.0,158.0,177.0,201.0,254.0,236.0,247.0,184.0,155.0,91.060102,70.515838,61.105331,86.057651,78.073089,93.023019,107.0,99.858956,200.0,207.0,204.118477,197.131171,192.849672,193.849089,226.798307,272.157969,349.22425948,401.55148091,479.26673469,471.77916774,502.25352108,605.21126763,549.8591549199999,684.78873241,534.92957747,675.2112676400001,596.760564,570.000008
97,Kazakhstan,,,,,,,,,,,,,,,,,,,,,,,,,,503.6,422.2,522.1,470.9,355.5,440.44194,486.8791,594.666638,802.0,1354.0,1893.1317752999998,2958.4854608,4212.277482,3461.671985,2934.061283,3005.77488,3409.435907,3808.907823,3803.988119,3550.131173,3116.48192,2394.53824
98,Kenya,,,,,,5.719582470000001,17.4492019,12.807252,22.770250899999997,18.4607753,13.476748800000001,13.484390400000002,10.8951161,11.4186838,6.7990045,5.5379353,6.6560902,9.1160519,7.663223810000001,2.91651949,7.20059705,3.8461725074,7.38744246,,7.136412099999999,8.749785300000001,8.7542881,45.864899,70.600679,26.039933,,5.0914426,5.714348,6.5845295,34.022965,56.408976700000004,25.39901236,16.36450759,64.49540113,60.803848020000004,19.10387846,25.8573065,14.50913733,16.19841972,170.9534815,,
99,Kiribati,,,,,,,,,,,,,,,,,,,,,,,,,,,,,,,,,,,,,0.09214455694,0.5451327702000001,0.5769693103,0.5569914562,1.030968417,1.200629113,1.216064729,1.1033763600000002,1.13784162,0.9480759375,0.9369865
100,"Korea, Dem. Rep.",,,,,,,,,,,,,,,,,,,,,,,,,,,,,,,,,,,,,,,,,,,,,,,
101,"Korea, Rep.",,,,,,,1.0,2.0,3.0,4.0,57.7,33.3,26.8,21.4,36.6,27.0,36.5,33.9,154.6,821.6,1026.2,1274.3,1409.0,1180.4,1356.4,2062.0,2900.0,2796.2,1682.2,2492.3,3650.6,4499.2,5843.8,7932.3,8306.0,6667.3,7215.1,7723.1,7545.2,7152.7,9123.0,9585.9,9380.3,8990.9,9570.5,8365.199872,10346.300416
102,Kosovo,,,,,,,,,,,,,,,,,,,,,,,,,,,,,,,,,,,171.86877873,161.801214811,119.9414869864,95.988452966,126.551985742,155.546609042,127.15191257400001,151.00680092,118.039626491,106.28226497,99.76949236,68.3714445,66.7406155
103,Kuwait,,,,,,276.0,315.0,370.0,433.0,532.0,692.0,689.0,875.0,865.0,963.0,1040.0,1080.0,1100.0,1180.0,1280.0,770.0,426.0,829.0,1230.0,1330.0,1350.0,1380.0,1380.0,1610.0,1730.0,1730.0,1790.0,1930.0,2140.0,2400.0,2647.60274,3183.238048,9763.770985,10322.571366,11749.2128915,11864.0039733,13012.2060297,15459.199374299998,17711.480681200002,18128.47635,15202.535984,15285.864864
104,Kyrgyz Republic,,,,,,,,,,,,,,,,,,,,,,,,108.654,66.378,41.086,32.75,28.56,49.787836,51.088572,45.348644,54.5341728,57.3836231,55.239593,82.958212,53.27542603,68.11350262,90.49543238,100.55942825,107.49610647,167.72000359,227.62148445,285.90818773,389.51259583999996,453.94229596,362.554954,377.553225
105,Lao PDR,,,,,,,,,,,,,,,,,,,,,,,0.2,0.2,0.5,8.9,10.3,7.3,6.7,0.4,0.44,0.46305,0.4862025,0.99671513,0.8,0.84,5.410944,6.0,9.36074582,22.370007920000003,19.31493266,75.64311906,70.17568928,68.70400084,54.16530636,43.3380705,39.476133
106,Latvia,,,,,,,,,,,,,,,,,,,,,,,0.22403,0.354,2.088,1.238,2.168,4.6,7.7,7.6,6.6,7.6,7.6,8.3,13.1,491.41360751999997,892.12013345,1117.69655515,913.37444436,672.83412255,442.99800786000003,559.20942037,569.17808955,607.52147665,569.87502534,494.501716,415.535256
107,Lebanon,,,,,,,,,,,,,,,,,,,,,,,,,,,,,,,,,2520.93,4077.0,4230.0,4011.6750546999997,3445.1488214,2961.9,4365.96,5749.15402,4390.475746,4227.1958135,4698.442225600001,5193.3781438999995,4382.9437828,3674.947392,3680.344
108,Lesotho,,,,,,,,,,,,,,,,,,,,,,,,,,75.360114,60.481624,56.305054,55.623933,34.06038,10.3183,9.5549505,7.9674206,10.110386,11.025073,,,,,,,,,,,,
109,Liberia,,,,,,,,,,34.99999,31.999991,32.999991,74.999979,125.999966,120.899967,102.399972,136.199962,125.899965,,,,,,,,,,,,,,,,,0.17617141,0.1937885467,0.2131672915,0.2552202574,0.4806634,1.008165606,1.141631291,0.779400122,471.1,435.1075,309.83164122,299.292077,
110,Libya,,,,,,,,840.0,932.0,832.0,1050.0,1530.0,1580.0,2030.0,1240.0,859.0,490.0,466.0,497.0,472.0,446.0,409.0,394.0,324.0,283.0,222.0,272.0,192.0,208.0,213.0,463.0,683.0,786.0,676.0,975.0,914.0,945.0,762.2,964.2,1361.0,1609.0,650.0,1971.0,3199.3,,,
111,Liechtenstein,,,,,,,,,,,,,,,,,,,,,,,,,,,,,,,,,,,,,,,,,,,,,,,
112,Lithuania,,,,,,,,,,,,,,,,,,,,,,,,0.090194274,0.59312899,0.9675,33.075,58.1075,63.3,46.635,38.125,29.425,31.2770595,41.935039700000004,27.580347800000002,259.03701535,425.78695229000004,566.92039538,652.1805673,679.263672,552.46601185,1025.598206,1135.009182,851.9182999,904.5775863,588.850368,583.722952
113,Luxembourg,,,,,,,,,,,,,,,,,,,,,,,,,,2220.0,2300.0,2220.0,2460.0,2700.0,2720.0,3140.0,3952.594727,5010.598164,6002.0781971999995,6699.46431887,7560.82651072,9370.176217799999,11006.381625799999,10724.950984,10644.5478162,11720.3497441,11268.7347509,12274.2484551,12762.5554383,11351.411728,11605.645296
114,"Macao SAR, China",,,,,,,,,,,,,,,,,,,,,,,,,,,,,,,,,115.290681,118.60758,159.916826,207.4643117,476.4013216,823.2461502000001,936.2985144,666.6597085,539.4361562,653.6396639,853.279158,1061.0349,1347.8327639000001,1569.111984,
115,"Macedonia, FYR",,,,,,,,,,,,,,,,,,,,,,,,,,,0.85,0.38,20.661702,11.999652,14.208225,20.520593,23.26515,16.067713,16.158268,15.545106,17.848735,24.875466,32.975259,26.302033,22.61197,24.69225,23.859882,24.438824,23.991042,19.890647,24.250401
116,Madagascar,,,,,20.3154292,37.328740200000006,34.7353607,26.009575780000002,27.38694,26.32558364,31.238351690000002,23.331948079999997,20.10088604,12.19656166,10.64784506,14.43067894,16.30834535,11.90594954,13.844010560000001,13.458584929999999,17.501629,9.99259,9.436864,6.69877587,8.447069860000001,11.07690571,13.2102129,15.1250691,13.0003345,11.213005220000001,11.903986699999999,11.415636,4.7145389,17.9245874,9.001433899999999,18.548127028,17.343550527,19.186871380000003,22.987629675999997,29.909032411,34.522200151,46.037994558,54.03508291000001,50.03771693,,46.511366,36.863408
117,Malawi,,,,,,,,,0.11851921,0.12241731,0.2462764,0.22338904,0.18948203,0.085123528,0.21225714,0.11634016999999999,0.053732434,0.045274629999999996,0.23425597,0.39861945,0.036645048,0.035672084,0.13876264000000002,0.13627759,0.58376415,0.80477675,1.1758198999999998,0.99670552,1.4089546000000002,0.82108246,0.42487662,0.6230146999999999,0.44816169,7.164153969,7.49291692,7.336591798600001,7.338131132300001,10.185964835999998,10.385511249,13.316856979,14.907703192,17.450294771,17.793284002,16.45277993,18.55205532,17.4945485,
118,Malaysia,,,,,4.5698776,4.5952363,5.9018522,10.563595,19.429702,12.337546,18.834266,16.926165,15.414973,14.647281,14.507337,12.88742,21.305924,130.971178,182.660364,183.850868,229.691668,205.271484,226.648528,299.186333,187.546902,1331.0,1423.0,2077.0,2928.0,484.0,599.0,634.0,3825.0,3461.0,5060.0,5679.210083,5596.604811,6388.47968,6785.527868,6528.552508,6728.510481,6945.697144,7266.908215,7669.912517,8051.53478,3077.376,2944.213504
119,Maldives,,,,,,,,,,,0.2,0.3,1.3,2.0,3.4,2.0,3.0431388,3.6651437999999996,5.871822,5.9994558,8.219088,17.141988,19.3,26.81104,22.46345,26.774476800000002,27.462499,28.14555164,30.808433960000002,40.88138322,46.35224368,49.963192,50.617855,55.320628,61.507567,69.910462,83.551366,188.8245,218.6973,190.1529,189.3845619,239.9101201,259.86175019999996,265.58466883999995,301.42644972,348.365179375,379.22603675
120,Mali,,,,,,11.548535,7.8258887999999995,6.1869177,11.965122,19.509063,18.932262,15.272432,14.45499,13.121085,11.671638,28.713696,37.827828,43.921445,39.886087,42.067871,45.396983,51.221716,69.174791,55.727703,36.635137,42.231927,22.679982600000002,21.436793780000002,32.3026408,29.8148866,26.3211022,23.287998899999998,30.3233249,57.610085600000005,63.90303,69.33120131999999,57.163062467,82.66794495,104.77768945,166.90446449,175.88136779,128.94547453,110.78235812,133.90412717,147.30571876999997,,
121,Malta,,3.1932596,4.1931285,4.6095861,3.3724042,3.8982978,4.9395977,3.0783135,5.708601799999999,6.6951209,7.526923200000001,7.4993374,5.095325099999999,4.39358,6.0733026,4.6892818,6.106986780000001,8.393834879999998,9.36961629,23.529917899999997,24.7962493,8.3807048,5.1297595,1.8520004399999999,2.91595273,12.6653491,15.270121799999998,13.13834731,11.59289761,15.238358,13.8675017,11.292866299999998,11.2675268,12.8863152,21.0747652,192.31802006,222.66856793,258.5807538,1320.24116027,1861.2738878599998,1611.8030649300001,1126.58496149,1080.08519991,1048.77728014,1030.09664788,934.95124,920.050132
122,Marshall Islands,,,,,,,,,,,,,,,,,,,,,,,,,,,,,,,,,,,,3.4708871042,3.6164361385999997,3.8433047602,4.0700876178,4.4326012781,7.881811212,9.237557156,23.12029634,23.65844515,23.81896582,,
123,Mauritania,,,,,,21.5292,24.965434,22.330887,21.164365,32.227488,32.582595,21.678889,31.50524,27.129261,24.105324,24.220017,29.243697,32.228664,34.041611,32.498104,31.224801,29.373061,30.392954,22.830023,24.907951,14.433413,12.235677,11.550619,9.6192704,,,,,,,,,,,,,,239.832472,255.10925619999998,188.55644669999998,171.581504,
124,Mauritius,,,,,,,0.8979985899999999,0.90808537,1.622514,1.1096829,1.5616273,1.3428013,0.91974744,1.1105226000000001,0.7970822,0.8418335100000001,1.1138869,1.7859616,1.1162603999999998,0.8524720600000001,0.6055115,1.5972085,1.4135903,1.4732527,1.3362756,1.0928133999999998,0.7800283,0.5223852,0.7919091899999999,0.4764588,0.60460568,8.0964823,10.0651481,9.980638240000001,10.9569115,9.247006093,10.07284198,9.947909849,12.74000675,10.257767099999999,8.458860236,9.445395356,8.187835342,8.31094644,8.84474142,7.126791,6.7845075
125,Mexico,,,,,,,,,,,11.0,19.0,7.0,,,,,,,,,,,,,,,,,,,,,,,,,,,,,,,866.997321,1001.831236,810.619136,653.83456
126,"Micronesia, Fed. Sts.",,,,,,,,,,,,,,,,,,,,,,,,,,,,,,,,,,,,,,,,15.2474,16.5609,17.0207,17.9139,16.4526,17.3308,,
127,Moldova,,,,,,,,,,,,,,,,,,,,,,,,,9.52,0.73,5.98,20.26,23.93,25.02,45.96,58.53,56.55,67.4,67.28,46.27,56.86,71.9,92.25,74.27,78.59,79.62,92.99,93.87,147.05,154.11,133.72
128,Monaco,,,,,,,,,,,,,,,,,,,,,,,,,,,,,,,,,,,,,,,,,,,,,,,
129,Mongolia,,,,,,,,,,,,,,,,,,,,,,,,,,,,,3.0,3.2,3.0,,13.716248,54.3,49.1,40.42,76.57,90.3231,172.18489675,83.44364891,169.09810425999999,336.346559,522.8890874,441.3819641,336.9402336,227.5516,170.934424
130,Montenegro,,,,,,,,,,,,,,,,,,,,,,,,,,,,,,,,,,,,,,27.092511183,27.268951747000003,25.922806125,27.56878446,34.84123306,42.41003412999999,65.39090389,74.3453348,55.381876,61.228034
131,Morocco,,,,,,53.300595799999996,57.7012827,61.287765,75.359925,81.813035,77.477125,59.16135,46.3222581,37.9676171,30.7586291,21.1677138,18.782041,24.0452915,20.830415300000002,14.255133599999999,16.0148663,22.2820754,28.929914800000002,17.2066893,16.7341919,20.4912375,18.930971800000002,19.943095800000002,31.964464,28.4565558,29.2217798,35.512774799999995,36.377385100000005,44.222733,41.5744592,35.07121505,37.889226539999996,48.9097741,54.39666932,60.109315810000005,62.034092,70.93058740000001,64.15293218,63.30594412,86.17247341,75.199536,120.109848
132,Mozambique,,,,,,,,,,,25.3,29.4,23.6,19.9,25.7,25.0,23.0,25.0,25.3,27.5,25.4,29.6,26.6,21.3,19.4,20.6,15.7,22.9,31.1,139.8,156.4,64.189276,49.908394,29.506679,20.255368100000002,24.48479132,26.098008420000003,45.25047661,56.83773643,65.74704409,53.68101321,41.4872427,96.20174186000001,99.83683731999999,193.87044482,190.566932,98.47739
133,Myanmar,,,,,,,,,,,,,,,,,,0.074270662,0.41442629,,,,0.016340047,,,,,,,,13.781412,13.974441,23.043885,22.610101,24.27199,18.816238300000002,31.36918555,,,,,,,419.35629819999997,560.7853527000001,364.096384,261.801136
134,Namibia,,,,,,,,,,,,,,,,,,,,,29.721864699999998,25.9296752,17.286028899999998,13.342548399999998,11.1524215,11.1659915,10.7690718,16.558297800000002,10.4915012,9.45956516,8.95195425,8.07493104,8.23151729,15.07516311,17.61921385,18.330734342,19.648446585000002,15.568036266999998,42.405382299,15.470056126,27.896569956,26.963903446999996,18.185471676,15.612627949999998,11.56282884,11.58724625,
135,Nepal,,,,,,,,,,,,,,,,,,,,,,,,3.0056764,8.713303300000002,9.062519,17.992225,21.802417,24.058675,26.947868,16.732552,24.304801,34.08961465,26.189754739999998,63.61110432,65.787634351,79.16653616999999,3.953399498,5.286468443,12.29785577,32.36088552,39.16279086,50.32823156,27.8086805,9.103536210000001,9.494426,20.045608
136,Netherlands,181.309393,243.424759,309.479732,402.942631,467.507434,479.036043,507.003587,543.744146,667.0,763.0,970.0,884.0,872.0,737.0,648.0,658.0,886.0,1246.0,1164.0,1194.0,1393.0,1416.0,2109.0,2280.0,2513.0,2803.0,4264.0,3181.0,2813.0,3276.0,3128.0,2853.0,2893.0,4236.0,5034.0,4547.0770505,6076.165482,10085.931057,12695.956235,11662.470565,9397.957104,10246.049081,9575.985068,9686.145572,9934.465186,8616.247552,8926.301952
137,New Caledonia,,,,,,,,,,,,,,,,,,,,,,,,,,,,,,,,,19.251381300000002,20.741126,21.164225,27.66822861,50.18577212,55.5654179,67.9503705,92.40333906,82.71957634,87.38035623,68.28219661,45.24177648,70.2881056,,
138,New Zealand,,,52.5888,77.360291,109.029519,99.722792,95.53296,98.999172,129.610909,140.009862,150.951781,191.701535,134.221741,131.855198,121.539621,126.944215,171.591269,241.476906,347.007651,352.658942,366.300154,350.129321,311.0,291.0,349.0,427.0,605.0,683.0,437.0,469.0,459.265537,397.73856,393.098963,605.251844,858.4074,647.30774026,552.02185238,622.55954975,624.2584027400001,524.45399816,533.9177983999999,609.8183406,661.6116248999999,716.9832786999999,769.854114,706.389472,723.88016
139,Nicaragua,,,,,,,,4.6,5.1,4.0,2.0,4.2,2.0,2.6,,,,,,,,,,,,,,,,,,,,,,,,,1.2,1.2,1.2,1.3,1.5,1.3,1.3,1.6,1.6
140,Niger,,,,,17.569248,20.334754,20.225946738,21.849588109000003,34.01196864,45.373850270000005,53.417378115999995,47.948074976,48.370960759999996,43.454410179999996,40.73859385,48.9112207,72.8488876,65.57604810000001,68.93108190000001,56.3339571,66.4794012,65.37946952,64.901897,61.300473,46.539592,28.640779,33.3924715,19.9753497,20.961034899999998,18.5204092,11.8767998,10.329607399999999,6.368830900000001,9.0416331,24.867268199999998,29.311722819000003,29.266187521000003,18.012932072999998,22.302105384,25.197682005000004,72.17980734000001,111.51044422999999,90.69333781,91.48853651,,101.229044,
141,Nigeria,,,,,,,,199.0,253.0,356.0,524.0,484.521086,427.727595,408.847812,332.873356,298.090125,149.969065,21.663145,37.029146,28.785829,8.8535918,53.510677,34.802543,2.3105835,3.5006365,4.7041635,1.7467274,3.8187887000000003,4.6609302999999995,9.4002469,1.0521141,0.5933651,0.9039641700000001,11.562452,20.855294,68.03026986,101.56214535,53.996900579999995,58.16674861,47.02947279999999,47.474526829999995,75.50659535,38.70252784,50.4827811,54.17379861,1057.221016,
142,Northern Mariana Islands,,,,,,,,,,,,,,,,,,,,,,,,,,,,,,,,,,,,,,,,,,,,,,,
143,Norway,,,,,,12.653072,14.296213,66.100574,72.999969,92.032424,109.972063,133.439351,139.730178,126.91386,108.805237,143.53711,181.133025,238.409099,226.984314,250.67315,294.531645,411.009684,446.0,532.0,475.0,603.0,647.0,703.0,746.0,958.0,1060.0,1020.0,923.0,1430.0,1750.0,2174.008491,2596.882572,3577.067724,4750.013568,4174.095054,4118.496972,4427.035714,5099.595369,5799.187011,5941.154712,4462.96576,4245.40928
144,Oman,,,,,111.0,208.0,220.0,222.0,241.0,281.0,397.0,500.895194,598.895194,737.895194,862.8952148999999,949.8952359,885.0,741.0,801.0,830.0,856.0,910.0,1220.0,1420.0,1370.0,1540.0,1370.0,1500.0,1470.0,1440.0,1450.0,1530.0,1600.0,1670.0,1830.0,2257.477243,2788.036411,3669.70091,5180.754226,5315.994798,5703.511053,7214.564369,8085.825748,9104.418726,10300.83225,10990.897152,
145,Pakistan,,,,,,,0.40595211,0.50744013,0.40595211,0.81190421,0.7104161899999999,1.2178563,1.0858871,1.7431308,0.43725041,2.1524936,0.9026455,1.268947,0.8918186,0.87629051,0.64838898,0.51453035,0.56079623,0.98375204,1.8702732,4.410749099999999,3.5570464,1.9196435,5.0,3.0,2.0,3.0,2.0,5.0,10.0,2.0,3.0,2.0,,8.0,9.0,28.0,34.0,16.0,16.0,30.0,63.0
146,Palau,,,,,,,,,,,,,,,,,,,,,,,,,,,,,,,,,,,,11.698615380000001,11.2084206,10.74563556,9.72527514,9.28446474,8.994424380000002,9.35748906,9.69057102,9.83779452,9.52727823,16.785284,
147,Panama,,,,,,,,,,,37.3,31.6,34.5,38.3,31.6,30.8,27.1,39.2,40.6,35.8,21.8,16.1,20.0,23.7,24.8,20.4,20.0,21.3,20.6,21.2,22.0,42.1,44.7,56.6,72.3,87.6,236.3,295.9,387.6,449.8,485.8,463.6,563.6,644.2,818.3,829.4,838.999968
148,Papua New Guinea,,,,,,,24.459533,24.37983,32.35891,37.462608,28.238549,41.408283,45.714876,41.760409,36.696255,33.511995,38.888304,43.252129,50.103626,49.811742,42.723227,21.015235,20.734443,20.446675,19.904488,15.668253,18.4297283,26.247493,15.632051399999998,16.1637981,18.441181399999998,16.663773,57.378005,91.14755,116.709176,128.20968281,158.56789472999998,283.94664479999994,320.8413552,315.3737918,394.07284920000006,552.0947241,511.60264429999995,483.4462755,55.415954899999974,279.293728,
149,Paraguay,,,,,,,0.5,0.8,1.3,2.2,2.0,1.5,1.5,0.4,4.8,0.5,,,0.1,,,,,,,,,,,,,,,,,,,,,,,,,,,,
150,Peru,,,,,,,,,,,,,,,,24.0,33.31,20.62,45.99,58.68,75.0,87.0,73.0,92.04605,89.446536,33.783812,29.189781,74.312198,78.101172,79.372289,275.0,175.0,118.0,116.0,113.0,,,,,,,,,,,,
151,Philippines,,,,,,,,7.0,5.0,9.0,12.0,11.0,9.0,8.0,1.0,1.0,6.0,3.0,10.0,4.0,5.0,9.0,8.0,45.0,89.0,151.0,57.0,,,25.0,21.0,24.0,21.0,18.0,17.0,195.37860404999998,63.28633498,65.93565255,116.94306477,93.79017769,109.14210910999999,134.76683633,152.357507,210.26202335000002,182.98195166,153.322156,185.506996
152,Poland,,,,,,,,,,,,,,,,,,,,,,,,,155.0,262.0,243.0,181.0,176.0,191.0,311.0,345.0,353.0,325.0,658.0,621.0,694.0,1018.0,1474.0,1154.0,1306.0,1395.0,1521.0,1557.0,2163.0,2556.999872,3716.000064
153,Portugal,,,,,,22.848613,21.600764,26.513474,18.286383,16.37309,32.607626,15.41987,12.825954,13.373893,8.2471996,14.706828,37.53475,19.256783,29.220443,27.947934,76.728961,94.102857,109.0,459.143063,386.674585,527.115702,358.854344,291.573431,299.825966,430.439643,454.166368,705.73315,792.0,936.0,1164.0,436.0102315,444.7761016,345.5963651,387.8614357,517.696721,505.8215673,627.3188595,499.44537280000003,492.754422,356.1036748,221.724032,186.461552
154,Puerto Rico,,,,,,,,,,,,,,,,,,,,,,,,,,,,,,,,,,,,,,,,,,,,,,,
155,Qatar,,,,,,,,,,,,,,,,,,,,,,,,,,,,,,1259.300048828125,1354.9000244140625,1506.9000244140625,1483.0,1595.095458984375,2176.966552734375,3008.81884765625,3690.10009765625,4482.5771484375,5379.84521484375,7105.06982421875,8140.623046875,10444.681381299999,10412.9120879,11281.043955899999,11230.219780399999,12192.03272,11981.868256
156,Romania,,,,,,,,,,,,,,,,,,,,,,,,,5.0,2.0,2.0,1.0,6.0,8.0,6.0,5.0,7.0,8.0,8.0,22.26703447,40.736418740000005,55.02047631,168.49682280000002,64.40717189,88.24141655,127.7657264,116.34622759999999,547.0112154,638.2040300399999,526.43246,547.489944
157,Russian Federation,,,,,,,,,,,,,,,,,,,,,,,,,3692.0,3939.0,4037.0,3498.0,2555.0,1404.0,1099.0,1822.0,2226.0,3237.0,5180.0,6827.24,12104.44,19880.62,29718.81,21147.74,21453.98,26010.47,31647.7,37216.68,32640.36,19688.839168,16590.339584
158,Rwanda,,,,,,,9.679180379999998,13.4987097,13.7895731,16.2070429,21.7977625,21.2137858,18.912536199999998,17.5869583,16.6412435,16.4749416,23.586920199999998,25.0186727,28.2807581,23.2816439,21.4326428,18.000347899999998,1.7022727,12.687450199999999,,1.1061008,5.567491199999999,28.149408899999997,2.7955139,4.0197652999999995,28.024974,32.714483,32.11,29.675698,30.62,34.51075686,54.60685942,77.02150997,70.18206862000001,71.43983662000001,76.05421725,102.69114626,107.20343944,52.92715788,126.17782478999999,123.435384,134.039844
159,Samoa,,,,,,,,,,,,,,,,0.19596723000000002,0.21916485,0.249794,2.2351077000000004,2.7222371,3.052144,3.0921532999999997,4.3181949,2.9315541,3.5581332150000002,4.1157851,5.8606769000000005,3.1062312000000003,2.9345044,3.1196568,,,,,10.857155,15.535586734999999,20.918751407,10.205979014,8.592645198000001,8.453372805999999,8.9476431947,12.405220003999998,11.039604573999998,18.219957630000003,12.467914789999998,15.747451,
160,San Marino,,,,,,,,,,,,,,,,,,,,,,,,,,,,,,,,,,,,,,,,,,,,,,,
161,Sao Tome and Principe,,,,,,,,,0.0055317805,,0.15817598000000002,0.15625218,0.19512860399999998,0.22676166400000003,0.2355143511,0.425967049,0.78001478,0.365238081,0.18414855099999997,0.0890334454,0.09,,,,,,,0.93,0.26412,0.6882,0.6390867,0.6541499300000001,0.4736025,0.5537406,0.6135675,0.4762065,0.6706484808000001,0.6927595747,0.48807938900000003,0.54684,0.6218613295,0.6009304213000001,1.3135196569999998,1.0735431000000002,1.44158981,0.4496561875,0.5756126875
162,Saudi Arabia,,207.0,268.0,391.0,518.0,554.0,989.0,1510.0,2840.0,3760.0,4090.0,5350.0,5350.0,5240.0,5280.0,5200.0,4800.0,4930.0,6500.0,8530.0,11200.0,13700.0,13400.0,15700.0,18100.0,16600.0,15500.0,15000.0,14900.0,14000.0,15400.0,15100.0,15900.0,14800.0,13600.0,14314.6002443,15964.1441921,16446.5590213,21696.1599997,26469.7333333,27069.005333,28474.925333299998,29492.573333700002,34984.186667,36924.24,38787.367232,38884.707904
163,Senegal,,,,,27.75185106,31.729307747,26.95118969,24.015009,42.54265749,69.10439206999999,90.87485953,75.51573379999999,69.14049836,58.59876756,51.83580347,46.89903618,57.89678906,61.124011,67.249017,65.609578,79.407992,89.43418,95.99844,94.115543,59.851799,76.350035,67.9226567,69.7843707,66.5359469,60.8414049,54.8922785,51.2728864,39.3335207,57.0904717,76.825983,97.73102072999998,96.406489763,143.23963708000002,144.10281969,174.42268361,216.44452568,209.12923614000002,,280.44265547,300.01531939999995,,
164,Serbia,,,,,,,,,,,,,,,,,,,,,,,,,,,,,,,,,,,,,,129.19010110000002,180.00065263,152.92407475,154.76982687,204.07284256,217.92398157000002,255.18576164,267.14465301,245.053124,238.628348
165,Seychelles,,,,,,,,,,,,,,,,,,,,9.24024316,9.794305699999999,9.557361239999999,13.29295694,0.05789792,0.079116141,0.27299597,0.36217425,0.35811334,0.47983809000000005,0.27570932,10.1044134,5.6079239,4.894348900000001,7.3145378,7.925966,9.957671783,17.328411482,52.204794252000006,50.521578485,62.099674018,41.220615993,50.219370745000006,56.958458068000006,61.159390380000005,57.64306649,74.213584,62.945644
166,Sierra Leone,,,,,,,,,,,1.5241031999999999,,1.4531945,0.74257551,0.55778004,0.43186687,0.1118559,0.36425029999999997,0.26450077,0.14043826,0.056125677000000006,0.01896093,0.0088098347,0.008458767099999999,0.0074990663,0.0067530364,0.0064079415,0.0015283003000000001,0.0014069933000000001,0.036747691,,0.45142518,2.61658717,3.4031882,2.6044167099999997,2.3666226930999996,3.883889077,3.7874756734,3.215136935,3.4910818839999997,10.570716916999999,20.610758372000003,20.085148461,8.99755852,6.84000474,6.76360175,
167,Singapore,,,,,,,,,,,,,,,,,,,,,,,,,,,,,,,,,,,,,,,,,,,,,,,
168,Sint Maarten (Dutch part),,,,,,,,,,,,,,,,,,,,,,,,,,,,,,,,,,,,,,,,,,105.36871509000001,107.84916202,107.98324022,114.08938547999999,107.089384,116.3743
169,Slovak Republic,,,,,,,,,,,,,,,,,,,,,,,,1.5113866,6.0000515,2.5678848,13.104584699999998,13.7265545,9.234782599999999,8.2447244,7.7758599,,11.566327699999999,16.02570098,21.925138,49.95779296,58.948366469999996,81.87333281000001,152.7482143,138.0777534,69.95447138,69.69054494,154.2303445,175.3017373,225.44363257,239.900608,242.206872
170,Slovenia,,,,,,,,,,,,,,,,,,,,,,,1.6,16.5,19.8,30.6,29.5,29.8,31.0,27.8,29.4,28.1,46.1,66.3,80.2,90.5,139.7854525051,247.8758761004,380.03668870000007,245.73918028,196.24219520999998,197.84733441,186.47106929,203.23959123,208.36741292000002,184.096116,193.756416
171,Solomon Islands,,,,,,,,,,,,,6.6934102,3.4826268799999998,3.21893009,3.17403148,4.24921047,3.6440026000000003,5.71423999,4.7530969800000005,5.77352743,7.03563863,6.04487561,2.3213986579999997,5.92460556,8.92568774,11.1598433,4.1431912,2.7618291200000002,5.725338799999999,6.465012199999999,2.37558317,1.5990998199999997,1.6966073160000001,1.9326434399999999,2.1111199286,11.160985136,12.106463843,13.943460893000001,39.104831409,61.708124125,66.854110312,46.60280265,44.826768550000004,45.891322800000005,55.643036,69.187218
172,Somalia,,,,,,,,,,,,,,,,,,,,,,,,,,,,,,,,,,,,,,,,,,,,,,,
173,South Africa,236.5999978,283.99273669999997,279.12337660000003,424.056196,566.286123,666.555513,576.35,628.7,696.45,805.546825,1017.222676,1049.654788,952.113129,1077.673854,934.002127,721.763798,842.968617,1069.618472,1069.577188,1090.865876,1203.633597,863.833546,808.185732,707.416394,658.547133,629.572997,593.182462,669.928594,696.37151,723.332536,684.953987,567.950214,541.229434,706.0,937.3129384,1041.844333,1055.263258,1172.716922,1118.933009,1143.855053,1352.799185,1422.697865,1319.944369,1181.980419,1093.585876,980.097856,896.870528
174,South Sudan,,,,,,,,,,,,,,,,,,,,,,,,,,,,,,,,,,,,,,,,,,,,,,,
175,Spain,,,,,,1.717613,2.9450851,2.6551603,1.2465564,7.4896937,11.255760399999998,11.7976235,16.502719199999998,15.740970599999999,23.02028,130.5121038,128.6789118,130.4363734,162.5120804,246.969362,253.712746,385.830281,562.330647,669.0,716.0,869.0,1023.0,1084.0,1245.0,1965.0,2491.0,3078.0,3792.0,5141.0,6975.0,733.3500451,794.164776,895.0428966000001,749.0603416,556.3406818999999,434.1850896,455.7578133,378.2035613,333.54201689999996,373.4056355,348.98016,287.521792
176,Sri Lanka,,,,,,,,,,,,,,,,,,,,,,,,,,16.186098,16.148531900000002,17.4202689,18.032555600000002,18.716975,19.6927768,193.88,209.35,230.5,236.45,249.35,274.2,304.55,372.9,420.3,526.14,580.97,680.1209895,788.4,818.72,896.279984,874.379984
177,St. Kitts and Nevis,,,,,,,,,,,1.7,2.0,0.5,0.58888889,0.62962963,1.04814815,1.925925964,2.1777778100000003,2.4037037000000003,7.6444444,6.97037034,,0.16666667000000002,4.2,2.86296296,1.0666666760000003,1.86296299,2.703703753,3.35185179,2.51851849,7.477777790000001,8.218518490000001,7.94656299,7.51434449,7.8637147899999995,7.506981482,5.364776666999999,5.6437733330999995,6.1658966664,5.7353648151000005,5.634597037100001,6.4396766670000005,6.480529999899999,6.741897039999999,,,
178,St. Lucia,,,,,,,,,,,,,0.5,,1.6,1.6,3.95185189,3.28518516,4.1518519,3.3777777999999996,4.4592592699999996,1.75925921,0.18518519,3.37407404,2.2296296799999995,2.25925927,6.551851839999999,3.0222222600000004,3.1074073799999997,3.33333334,3.33333334,3.51851854,3.8888889,3.8888889,3.8888889,2.9925,3.118148148,3.242911111,3.3434407409999998,3.2354477779999997,3.33127037,3.3595862960000002,3.289034815,3.32850333,,,
179,St. Martin (French part),,,,,,,,,,,,,,,,,,,,,,,,,,,,,,,,,,,,,,,,,,,,,,,
180,St. Vincent and the Grenadines,,,,,,,,,,,,,,,,,3.1555555899999996,5.13333332,3.85925926,3.04814819,3.28518523,1.04814815,0.6185185200000001,3.62962967,3.366666673,3.07777774,3.3,4.8148148,5.1111111,4.9,5.725926,5.8122223,5.0685186,4.9198667,5.3056038,4.7166666666,5.090422221800001,5.605837778200001,5.265628148481,5.28698481522,5.6157451853,5.7410766671,6.164354073699999,6.44499481,,,
181,Sudan,,,,,,,,3.44621384,2.8774642000000004,12.21,53.2,61.254816,26.00177361,28.61538431,8.0,12.182717,24.04,4.137777799999999,1.0888889,4.3777778,2.1,0.2,,,0.2,0.9,,0.4,4.6,2.7,4.4,1.9,3.59,0.65,2.14,1.7380179709999999,2.442585,2.041564,2.102552757,0.07877851880999999,0.7886324433,1.706234901,8.021746359,64.36767434000001,35.611551229999996,68.396816,103.550048
182,Suriname,,,,,,,,14.1,15.3,14.8,17.5,14.6,15.5,15.5,13.4,9.3,7.4,6.6,9.1,7.2,8.4,10.8,14.7,5.6,2.5,2.3,2.9,2.7,2.3,2.2,1.8,2.0,22.1,28.3,13.9,9.5,4.1,6.4,8.2,4.6,1.2,2.5935985892,12.35268724,18.795263390000002,22.732215059999998,32.221025,40.34766225
183,Swaziland,,,,,,,1.035,1.265,8.05,9.503466699999999,8.731493700000001,9.812385599999999,9.762244800000001,13.104748200000001,13.150068399999999,10.436742520000001,12.60376402,5.45177713,4.5745101,4.384831946,4.1355520189999995,5.395979810000001,7.71384666,6.649852682800001,5.924019895000001,3.541962747,3.6619495935,2.195764799,1.6243738,6.7753674,20.743453,26.84355313,21.222689732,38.8561792,4.675145110000001,7.976785808999999,16.586307982999998,7.861622499,6.339630087000001,10.725156326,11.692037265,12.20815134,26.617011459,8.9816916,7.220004299999999,8.104372875,
184,Sweden,25.129465,27.312248,31.496614,45.79541,38.293248,52.878988,75.855486,102.375619,68.63291579999999,74.751639,82.7673425,80.93906,137.16785307,238.071671,235.163686,289.749632,338.096749,367.560319,484.669752,554.3268884,653.852402,461.229632,350.36274,259.90362,230.5798,335.773965,428.820962,410.914913,503.0,484.0,539.0,578.0,508.0,496.0,545.0,536.7579023999999,584.65844076,885.2259444599999,914.6977435800001,822.2298134000001,819.62505025,1069.71032026,1044.51457632,1623.3895502999999,1583.6452321,1241.876352,1168.37776
185,Switzerland,,,,,,,,1306.0,1867.0,2125.0,2343.0,2330.0,2759.0,2688.0,2475.0,2509.0,3780.0,5040.0,5760.0,6110.0,8170.0,8670.0,8860.0,8230.0,8720.0,10120.0,9610.0,7850.0,7770.0,7580.0,7590.0,8380.0,9230.0,11450.0,12920.0,9985.981178,10705.104407,12247.746384,14458.721972,14906.367327,16878.327064,21587.97712,21966.491279,23190.690079,24511.359045,24381.734912,24957.98272
186,Syrian Arab Republic,,,,,,,,,,,,,,,,,,,,,,,,12.0,11.0,15.0,20.0,25.0,29.0,28.0,29.0,30.0,35.0,40.0,42.0,40.0,235.0,249.57816,209.97428,211.257375,530.1850855299999,,,,,,
187,Tajikistan,,,,,,,,,,,,,,,,,,,,,,,,,,,,,,,,,13.3709,64.4406,119.0628,145.467,394.979,183.9976,198.8003,123.6277,231.2929605,200.98238,263.452938,240.3932371,303.61259401999996,165.13827,87.127366
188,Tanzania,,,,,,,6.804528,5.308106400000001,6.0943588,,,,,,,,,,,,,,,,,0.50977645,0.8103774300000001,0.64529567,4.0170237,15.400019,20.300038,29.6749,26.991638,27.1015,33.886401,33.223895376,29.65490031,39.3716841,47.74783343,46.611927756,123.02367166999998,133.4,162.40267106,129.70391133,98.28310493000001,103.818118,108.374756
189,Thailand,,,,,,13.49410514,12.696013970000001,10.83327897,15.879908720000001,19.54020663,35.397004869999996,35.70427113,47.391065659999995,41.086749579999996,54.39462777000001,68.96984157,59.37429738,58.76256154,91.08934553,122.42733623999999,198.70892781,53.479265,,,,,,,,,,,,,,,,,,2558.11642,2397.365129,2631.371671,2683.183471,3288.97,3620.44,3992.36992,4132.039936
190,Timor-Leste,,,,,,,,,,,,,,,,,,,,,,,,,,,,,,,,,,,,,0.5240604121,3.323008371,15.584032859999999,85.57067806,103.37456601999999,104.75231059000001,107.02335039,7.77079338,27.6157799,158.8131,237.380392
191,Togo,,,,,4.8815007,6.0658971,5.8129196,8.1569625,10.937008,10.069497,9.1916134,8.317035,7.7813492,8.2872775,8.1243754,7.3898814,11.071137,12.34126,13.644534,12.824118,13.428104,12.654777,16.245309,6.0495282,4.0759742,4.900346,6.8008669,10.391156899999999,6.053037150000001,6.0549054,6.727752300000001,5.2957654,17.03041695,28.325862649999998,34.292108299999995,35.401190108799995,38.633356473800006,47.1553648632,57.627729196999994,72.001243292,62.789103164000004,92.23590909,153.26021768,177.93356284,153.78976823,89.395658,
192,Tonga,,0.042016432,0.048828092,0.214453942,0.142273019,0.10341642300000001,0.354385941,0.494532884,,,,,0.8508230499999999,1.50117696,1.7017482000000002,0.979246474,2.905547007,3.9921392599999996,0.9824773606999999,1.8128202799999997,1.21667767,1.1317973799999999,1.21437371,2.45406433,,,,,,,,10.80051168,15.962976300000001,9.80499509,10.82190601,11.70023968186,11.96828836108,11.241688859389999,11.654486047290002,8.952076525699999,5.95554033087,5.35586171669,7.08441689498,5.3829395,,,
193,Trinidad and Tobago,,,,,,11.752248300000002,8.0466825,11.375,14.708333300000001,17.4583333,31.4166663,51.500000299999996,59.958333,73.875,80.125,53.673469,28.6944447,21.0000002,24.5073168,19.4823532,21.6,19.223529199999998,20.6823533,14.2774476,8.8271097,14.3414472,,,,,,,,,,,,,,,,,,,,,
194,Tunisia,,,,,,,20.990030100000002,23.31274,28.834312,22.1422637,22.2247378,22.276037,16.929425600000002,16.2058636,15.447328599999999,16.7765967,8.815797,9.6541113,5.8288362000000005,9.480461899999998,12.5237191,10.815244,12.4373422,13.947812,18.7829785,35.950304,20.546361899999997,37.977832,29.857955399999998,21.0752595,26.9938349,20.9214832,12.9419488,17.152281300000002,12.9268815,15.646275981,16.453485096,15.218225450999999,15.744942752,12.886263909,13.343579711999999,19.037020372,18.439178987,19.573346190000002,28.45067519,26.457656,
195,Turkey,,,,,,,,,,,,,,,,,,,,,,,,,,,,,,,,,,,,108.0,124.0,124.0,126.0,157.0,190.0,268.0,404.0,689.0,815.0,850.0,1128.999936
196,Turkmenistan,,,,,,,,,,,,,,,,,,,,,,,,,,,7.25,4.4,,,,,,,,,,,,,,,,,,,
197,Turks and Caicos Islands,,,,,,,,,,,,,,,,,,,,,,,,,,,,,,,,,,,,,,,,,,,,,,,
198,Tuvalu,,,,,,,,,,,,,,,,,,,,,,,,,,,,,,,,,,,,0.7048635329,1.2236690516,1.3580766023,1.3680839136999998,1.3835295247,1.9117429386,2.3902334232,2.6628438109999997,2.37807326,,,
199,Uganda,,,,,,,,,,,4.1,0.5,,,,,,,,,,,,,,,,,,229.1,353.4,354.500503,357.397448,182.352851,194.353741,197.01148078,206.06876196000002,235.71381748,381.04389209,482.61562639,331.72977017,401.507898,328.7313855,370.955591,303.6065012,280.161624,270.644856
200,Ukraine,,,,,,,,,,,,,,,,,,,,,,,,,,,1.0,4.0,3.0,3.0,10.0,5.0,15.0,29.0,20.0,186.0,255.0,353.0,714.0,613.0,703.0,849.0,1003.0,1716.0,1702.0,627.0,559.0
201,United Arab Emirates,,,,,,,,,,,,,,,,,,,,,,,,,,,,3185.8408203125,3430.9052734375,3635.1259765625,3675.969970703125,3910.14306640625,4138.8701171875,4389.38037109375,4648.06005859375,5372.3623046875,6072.15771484375,8682.6103515625,9994.5537109375,9531.5908203125,10566.44921875,11220.0439453125,14398.1484375,17933.005859375,19280.0,,
202,United Kingdom,,,,,,,,,,,,,,,,,,1581.0,1624.0,1735.0,2033.0,2007.0,1981.0,1579.0,2076.0,2585.0,2007.0,2480.0,2289.0,2038.0,2048.0,3340.0,2438.0,2626.0,3552.0,9643.117679,10645.651381,11596.568484,11211.837188,9274.761989,9565.109385,9931.10101,10077.435197,10528.125662,11569.365231,10705.712384,10060.358912
203,United States,650.0,700.0,670.0,710.0,680.0,590.0,650.0,1060.0,1170.0,1220.0,1360.0,4720.0,5140.0,5450.0,5990.0,6330.0,8660.0,8810.0,9010.0,10220.0,11850.0,13920.0,16150.0,18030.0,20350.0,22160.0,23700.0,25570.0,27390.0,33300.0,34400.0,38200.0,40200.0,40000.0,43400.0,47254.0,50756.0,52650.0,55527.0,50723.0,50776.0,50556.0,52652.0,55669.0,58754.0,62500.999168,66648.999936
204,Uruguay,,,,,,,,,,1.3,,,,,,,,,,,,,,,,,,,,,,,,1.421609,1.77,2.176,2.843,3.536,4.678,5.629,6.651,7.211,10.014,10.789,10.073,9.365614,9.137851
205,Uzbekistan,,,,,,,,,,,,,,,,,,,,,,,,,,,,,,,,,,,,,,,,,,,,,,,
206,Vanuatu,,,,,,,,,,,,,17.0880648,12.026045230000001,14.647956220000001,15.12290065,13.905146629999999,17.75385925,16.217096146000003,15.61181983,12.435825266,13.18979575,22.1515262,14.9702875,14.9037876,18.1644222,72.111373,59.535082,60.4038837,88.2649552,72.6507849,78.2122964,2.14816394,2.71977187,2.9798216999999996,3.0010214557,3.1384173829,2.6250592777,2.5491304414999996,2.6949664327,3.076580168,3.5347694598999997,2.3822412320999997,2.44415098,3.7149476900000002,3.331006875,
207,"Venezuela, RB",87.0,80.0,90.0,106.0,136.0,144.0,170.0,232.0,372.0,389.0,418.0,383.0,615.0,187.0,208.0,217.0,185.0,215.0,211.0,368.0,701.0,677.0,858.0,729.0,609.0,203.0,290.0,211.0,261.0,195.0,331.0,406.0,383.0,209.0,214.0,211.0,257.0,662.0,841.0,582.0,805.0,782.0,899.0,1117.0,193.0,105.0,54.0
208,Vietnam,,,,,,,,,,,,,,,,,,,,,,,,,,,,,,,,,,,,,,,,,,,,,,,
209,Virgin Islands (U.S.),,,,,,,,,,,,,,,,,,,,,,,,,,,,,,,,,,,,,,,,,,,,,,,
210,West Bank and Gaza,,,,,,,,,,,,,,,,,,,,,,,,,,19.0,17.9,21.945,5.44489496,5.687228310000001,6.021054889999999,5.440471769999999,5.6484238399999995,21.97235524,12.66251142,6.4756434003,6.788488226699999,7.929238585699999,8.2998953321,7.912044442100001,18.1274514494,47.915108235999995,48.1098305092,54.3147109,36.12891412,32.0844809375,23.4193469375
211,"Yemen, Rep.",,,,,,,,,,,,,,,,,,,,,106.0,125.0,93.8,94.3,68.4,61.2,59.6,41.4,42.7,27.0,60.504,63.604,64.304,59.994067,108.315471,109.49591,120.44,318.72,336.84,336.84,338.32,333.42,337.707048,333.295533,335.395533,333.38952,
212,Zambia,,,,,,,,,70.3,113.9,82.4,69.4,36.8,39.0,25.8,23.7,41.9,19.1,23.6,25.7,17.5,20.1,,,,,,59.0,39.2,21.8,24.1,28.4,37.5,71.5,76.1,93.662,115.457,123.93,138.885,65.617,68.063986,70.41382516,96.922,77.32447074000001,81.19988114,72.1047,63.405836
213,Zimbabwe,,,,,,,,40.21849879,42.233232560000005,94.78364857,134.9779657,122.065969,110.7257788,83.27219720000001,62.7169395,15.254607199999999,20.0791936,16.7802817,15.489000399999998,15.853200900000001,16.4769566,10.094380800000001,10.7614365,7.711311599999999,7.23185955,,,,,,,,,,,,,,,,,,,,,,
214,,,,,,,,,,,,,,,,,,,,,,,,,,,,,,,,,,,,,,,,,,,,,,,,
215,,,,,,,,,,,,,,,,,,,,,,,,,,,,,,,,,,,,,,,,,,,,,,,,
216,"Source: World Bank staff calculation based on data from IMF Balance of Payments Statistics database and data releases from central banks, national statistical agencies, and World Bank country desks. Ouflow data based on numbers reported by country authorities to IMF Balance of Payments. ",,,,,,,,,,,,,,,,,,,,,,,,,,,,,,,,,,,,,,,,,,,,,,,
217,Note: All numbers are in current (nominal) US $.,,,,,,,,,,,,,,,,,,,,,,,,,,,,,,,,,,,,,,,,,,,,,,,
218," For a discussion of the definition of remittances, see Dilip Ratha, 2003, ""Workers' Remittances: An Important and Stable Source of External Development Finance"", Global Development Finance 2003, World Bank. Data since 2005 are based on IMF BOP Statistics that use the definitions of IMF BPM6.",,,,,,,,,,,,,,,,,,,,,,,,,,,,,,,,,,,,,,,,,,,,,,,
219,GDP data is from WDI,,,,,,,,,,,,,,,,,,,,,,,,,,,,,,,,,,,,,,,,,,,,,,,
220,"For latest data and analysis on migration and remittances, please visit http://www.worldbank.org/migration",,,,,,,,,,,,,,,,,,,,,,,,,,,,,,,,,,,,,,,,,,,,,,,
221,Date: April 2017,,,,,,,,,,,,,,,,,,,,,,,,,,,,,,,,,,,,,,,,,,,,,,,
